[Licensing::Module] Trying to connect to existing licensing client channel...
Built from '6000.3/staging' branch; Version is '6000.3.8f1 (1c7db571dde0) revision 1867189'; Using compiler version '194234433'; Build Type 'Release'
[Licensing::IpcConnector] Successfully connected to: "LicenseClient-asanc" at "2026-05-03T10:57:52.5554124Z"
OS: 'Windows 11  (10.0.26200) Professional' Language: 'es' Physical Memory: 32682 MB
BatchMode: 1, IsHumanControllingUs: 0, StartBugReporterOnCrash: 0, Is64bit: 1
System  architecture: x64
Process architecture: x64
Date: 2026-05-03T10:57:52Z

COMMAND LINE ARGUMENTS:
C:\Program Files\Unity\Hub\Editor\6000.3.8f1\Editor\Unity.exe
-adb2
-batchMode
-noUpm
-name
AssetImportWorker2
-projectPath
C:/Users/asanc/Desktop/Entre Lienzos y Acordes/ELYA Unity
-logFile
Logs/AssetImportWorker2.log
-srvPort
53045
-licensingIpc
LicenseClient-asanc
-job-worker-count
7
-background-job-worker-count
8
-gc-helper-count
1
-name
AssetImport
Successfully changed project path to: C:/Users/asanc/Desktop/Entre Lienzos y Acordes/ELYA Unity
C:/Users/asanc/Desktop/Entre Lienzos y Acordes/ELYA Unity
[UnityMemory] Configuration Parameters - Can be set up in boot.config
    "memorysetup-temp-allocator-size-nav-mesh-worker=65536"
    "memorysetup-temp-allocator-size-audio-worker=65536"
    "memorysetup-temp-allocator-size-gfx=262144"
    "memorysetup-allocator-temp-initial-block-size-main=262144"
    "memorysetup-allocator-temp-initial-block-size-worker=262144"
    "memorysetup-temp-allocator-size-background-worker=32768"
    "memorysetup-temp-allocator-size-job-worker=262144"
    "memorysetup-temp-allocator-size-preload-manager=33554432"
    "memorysetup-temp-allocator-size-gi-baking-worker=262144"
    "memorysetup-temp-allocator-size-gi-baking-worker=262144"
    "memorysetup-temp-allocator-size-gi-baking-worker=262144"
    "memorysetup-temp-allocator-size-gi-baking-worker=262144"
    "memorysetup-temp-allocator-size-gi-baking-worker=262144"
    "memorysetup-bucket-allocator-granularity=16"
    "memorysetup-bucket-allocator-bucket-count=8"
    "memorysetup-bucket-allocator-block-size=33554432"
    "memorysetup-bucket-allocator-block-count=8"
    "memorysetup-main-allocator-block-size=16777216"
    "memorysetup-thread-allocator-block-size=16777216"
    "memorysetup-gfx-main-allocator-block-size=16777216"
    "memorysetup-gfx-thread-allocator-block-size=16777216"
    "memorysetup-cache-allocator-block-size=4194304"
    "memorysetup-typetree-allocator-block-size=2097152"
    "memorysetup-profiler-bucket-allocator-granularity=16"
    "memorysetup-profiler-bucket-allocator-bucket-count=8"
    "memorysetup-profiler-bucket-allocator-block-size=33554432"
    "memorysetup-profiler-bucket-allocator-block-count=8"
    "memorysetup-profiler-allocator-block-size=16777216"
    "memorysetup-profiler-editor-allocator-block-size=1048576"
    "memorysetup-temp-allocator-size-main=16777216"
    "memorysetup-job-temp-allocator-block-size=2097152"
    "memorysetup-job-temp-allocator-block-size-background=1048576"
    "memorysetup-job-temp-allocator-reduction-small-platforms=262144"
    "memorysetup-temp-allocator-size-cloud-worker=32768"
Player connection [38832]  Target information:

Player connection [38832]  * "[IP] 192.168.1.100 [Port] 0 [Flags] 2 [Guid] 3776466210 [EditorId] 3776466210 [Version] 1048832 [Id] WindowsEditor(7,PC-Albert) [Debug] 1 [PackageName] WindowsEditor [ProjectName] Editor" 

Player connection [38832]  * "[IP] 192.168.56.1 [Port] 0 [Flags] 2 [Guid] 3776466210 [EditorId] 3776466210 [Version] 1048832 [Id] WindowsEditor(7,PC-Albert) [Debug] 1 [PackageName] WindowsEditor [ProjectName] Editor" 

Player connection [38832] Host joined multi-casting on [225.0.0.222:54997]...
Player connection [38832] Host joined alternative multi-casting on [225.0.0.222:34997]...
JobSystem: Creating JobQueue using job-worker-count value 7
Input System module state changed to: Initialized.
[Physics::Module] Initialized fallback backend.
[Physics::Module] Id: 0xdecafbad
Library Redirect Path: Library/
[Physics::Module] Selected backend.
[Physics::Module] Name: PhysX
[Physics::Module] Id: 0xf2b8ea05
[Physics::Module] SDK Version: 4.1.2
[Physics::Module] Integration Version: 1.0.0
[Physics::Module] Threading Mode: Multi-Threaded
Refreshing native plugins compatible for Editor in 49.42 ms, found 10 plugins.
Preloading 0 native plugins for Editor in 0.00 ms.
Initialize engine version: 6000.3.8f1 (1c7db571dde0)
[Subsystems] Discovering subsystems at path C:/Program Files/Unity/Hub/Editor/6000.3.8f1/Editor/Data/Resources/UnitySubsystems
[Subsystems] Discovering subsystems at path C:/Users/asanc/Desktop/Entre Lienzos y Acordes/ELYA Unity/Assets
GfxDevice: creating device client; kGfxThreadingModeNonThreaded
Direct3D:
    Version:  Direct3D 11.0 [level 11.1]
    Renderer: NVIDIA GeForce RTX 4060 Ti (ID=0x2803)
    Vendor:   NVIDIA
    VRAM:     7949 MB
    Driver:   32.0.15.9186
Initialize mono
Mono path[0] = 'C:/Program Files/Unity/Hub/Editor/6000.3.8f1/Editor/Data/Managed'
Mono path[1] = 'C:/Program Files/Unity/Hub/Editor/6000.3.8f1/Editor/Data/MonoBleedingEdge/lib/mono/unityjit-win32'
Mono config path = 'C:/Program Files/Unity/Hub/Editor/6000.3.8f1/Editor/Data/MonoBleedingEdge/etc'
Using monoOptions --debugger-agent=transport=dt_socket,embedding=1,server=y,suspend=n,address=127.0.0.1:56376
Begin MonoManager ReloadAssembly
Registering precompiled unity dll's ...
Register platform support module: C:/Program Files/Unity/Hub/Editor/6000.3.8f1/Editor/Data/PlaybackEngines/WindowsStandaloneSupport/UnityEditor.WindowsStandalone.Extensions.dll
[Licensing::Module] Licensing is not yet initialized.
[Licensing::Client] Handshaking with LicensingClient:
  Version:                 1.17.4+4293ba1
  Session Id:              b20f38b057fc4b12a54bed0337832e55
  Correlation Id:          7cc70952c75c557d2c1c545ff01a5b1a
  External correlation Id: 7250527668668472032
  Machine Id:              zH/Gx6hEir5VlY9Wv6nFqH5dbiw=
[Licensing::Module] Successfully connected to LicensingClient on channel: "LicenseClient-asanc" (connect: 0.00s, validation: 0.00s, handshake: 1.64s)
[Licensing::IpcConnector] Successfully connected to: "LicenseClient-asanc-notifications" at "2026-05-03T10:57:54.1977745Z"
[Licensing::Module] Licensing Background thread has ended after 1.64s
[Licensing::Module] Licensing is initialized (took 0.48s).
[Licensing::Client] Successfully resolved entitlement details
[Licensing::Module] License group:
  Id: 20067324761217-UnityPersXXXX
  Product: Unity Personal
  Type: Assigned
  Expiration: Unlimited
Register platform support module: C:/Program Files/Unity/Hub/Editor/6000.3.8f1/Editor/Data/PlaybackEngines/AndroidPlayer/UnityEditor.Android.Extensions.dll
Registered in 0.481570 seconds.
- Loaded All Assemblies, in  1.021 seconds
Native extension for Android target not found
Android Extension - Scanning For ADB Devices 326 ms
Native extension for WindowsStandalone target not found
ScheduleIndexationOnStartup MainProcess:False IndexOnStartup:True
Mono: successfully reloaded assembly
- Finished resetting the current domain, in  0.853 seconds
Domain Reload Profiling: 1868ms
	BeginReloadAssembly (198ms)
		ExecutionOrderSort (0ms)
		DisableScriptedObjects (0ms)
		BackupInstance (0ms)
		ReleaseScriptingObjects (0ms)
		CreateAndSetChildDomain (1ms)
	RebuildCommonClasses (52ms)
	RebuildNativeTypeToScriptingClass (16ms)
	initialDomainReloadingComplete (540ms)
	LoadAllAssembliesAndSetupDomain (209ms)
		LoadAssemblies (192ms)
		RebuildTransferFunctionScriptingTraits (0ms)
		AnalyzeDomain (205ms)
			TypeCache.Refresh (203ms)
				TypeCache.ScanAssembly (188ms)
			BuildScriptInfoCaches (0ms)
			ResolveRequiredComponents (0ms)
	FinalizeReload (853ms)
		ReleaseScriptCaches (0ms)
		RebuildScriptCaches (0ms)
		SetupLoadedEditorAssemblies (813ms)
			LogAssemblyErrors (0ms)
			InitializePlatformSupportModulesInManaged (440ms)
			SetLoadedEditorAssemblies (4ms)
			BeforeProcessingInitializeOnLoad (101ms)
			ProcessInitializeOnLoadAttributes (182ms)
			ProcessInitializeOnLoadMethodAttributes (86ms)
			AfterProcessingInitializeOnLoad (0ms)
			EditorAssembliesLoaded (0ms)
		ExecutionOrderSort2 (0ms)
		AwakeInstancesAfterBackupRestoration (0ms)
Assembly reference Packages/com.unity.cinemachine/Editor/Samples/ExposeHDRPInternals/HDRP-Editor-ref.asmref has no target assembly definition
========================================================================
Worker process is ready to serve import requests
Import Worker Mode flag is 0x00
Assembly reference Packages/com.unity.cinemachine/Editor/Samples/ExposeHDRPInternals/HDRP-Editor-ref.asmref has no target assembly definition
Assembly reference Packages/com.unity.cinemachine/Editor/Samples/ExposeHDRPInternals/HDRP-Editor-ref.asmref has no target assembly definition
Begin MonoManager ReloadAssembly
[Licensing::Client] Successfully resolved entitlement details
- Loaded All Assemblies, in  1.028 seconds
Assembly reference Packages/com.unity.cinemachine/Editor/Samples/ExposeHDRPInternals/HDRP-Editor-ref.asmref has no target assembly definition
'Packages/com.unity.cinemachine/Editor/Obsolete/CinemachineVirtualCameraBaseEditor.cs' contains partial class of Unity.Object, exactly 1 of the partial classes needs to be in a file with the same filename. This is to know the one that can be referenced from ie. GameObjects
'Packages/com.unity.cinemachine/Editor/Editors/CinemachineVirtualCameraBaseEditor.cs' contains partial class of Unity.Object, exactly 1 of the partial classes needs to be in a file with the same filename. This is to know the one that can be referenced from ie. GameObjects
Refreshing native plugins compatible for Editor in 18.61 ms, found 10 plugins.
Native extension for Android target not found
Native extension for WindowsStandalone target not found
Assembly reference Packages/com.unity.cinemachine/Editor/Samples/ExposeHDRPInternals/HDRP-Editor-ref.asmref has no target assembly definition
Package Manager log level set to [2]
[Package Manager] Failed to launch server process. Reason: Unity was launched with the -noUpm command-line argument
[Package Manager] Unable to send message (not connected to server process).
[Package Manager] Cannot connect to Unity Package Manager local server
Error saving file Library/StateCache/LayerSettings/9e/9ecc5c3c162a7aba29bafa64c8b94b7c.json. Error: System.IO.IOException: Sharing violation on path C:\Users\asanc\Desktop\Entre Lienzos y Acordes\ELYA Unity\Library\StateCache\LayerSettings\9e\9ecc5c3c162a7aba29bafa64c8b94b7c.json
  at System.IO.FileStream..ctor (System.String path, System.IO.FileMode mode, System.IO.FileAccess access, System.IO.FileShare share, System.Int32 bufferSize, System.Boolean anonymous, System.IO.FileOptions options) [0x0019e] in <1eb9db207454431c84a47bcd81e79c37>:0 
  at System.IO.FileStream..ctor (System.String path, System.IO.FileMode mode, System.IO.FileAccess access, System.IO.FileShare share, System.Int32 bufferSize, System.IO.FileOptions options) [0x00000] in <1eb9db207454431c84a47bcd81e79c37>:0 
  at (wrapper remoting-invoke-with-check) System.IO.FileStream..ctor(string,System.IO.FileMode,System.IO.FileAccess,System.IO.FileShare,int,System.IO.FileOptions)
  at System.IO.StreamWriter..ctor (System.String path, System.Boolean append, System.Text.Encoding encoding, System.Int32 bufferSize) [0x00055] in <1eb9db207454431c84a47bcd81e79c37>:0 
  at System.IO.StreamWriter..ctor (System.String path, System.Boolean append, System.Text.Encoding encoding) [0x00000] in <1eb9db207454431c84a47bcd81e79c37>:0 
  at (wrapper remoting-invoke-with-check) System.IO.StreamWriter..ctor(string,bool,System.Text.Encoding)
  at System.IO.File.WriteAllText (System.String path, System.String contents, System.Text.Encoding encoding) [0x00034] in <1eb9db207454431c84a47bcd81e79c37>:0 
  at UnityEditor.StateCache`1[T].SaveJsonState (System.String filePath, T value) [0x00014] in <6dd00658fb454e6fb4c06a416ab8eaa1>:0 
  at UnityEditor.StateCache`1[T].SetState (UnityEngine.Hash128 key, T obj) [0x00059] in <6dd00658fb454e6fb4c06a416ab8eaa1>:0 
UnityEngine.Debug:ExtractStackTraceNoAlloc (byte*,int,string)
UnityEngine.StackTraceUtility:ExtractStackTrace ()
UnityEngine.DebugLogHandler:Internal_Log (UnityEngine.LogType,UnityEngine.LogOption,string,UnityEngine.Object)
UnityEngine.DebugLogHandler:LogFormat (UnityEngine.LogType,UnityEngine.Object,string,object[])
UnityEngine.Logger:Log (UnityEngine.LogType,object)
UnityEngine.Debug:LogError (object)
UnityEditor.StateCache`1<UnityEditor.Tools/LayerSettings>:SetState (UnityEngine.Hash128,UnityEditor.Tools/LayerSettings)
UnityEditor.Tools:set_lockedLayers (int)
UnityEditor.Tools:OnEnable ()
UnityEngine.ScriptableObject:CreateScriptableObjectInstanceFromType (System.Type,bool)
UnityEngine.ScriptableObject:CreateInstance (System.Type)
UnityEngine.ScriptableObject:CreateInstance<UnityEditor.Tools> ()
UnityEditor.Tools:get_get ()
UnityEditor.Tools:get_visibleLayers ()
UnityEditor.Animations.Rigging.BoneRendererUtils:.cctor () (at ./Library/PackageCache/com.unity.animation.rigging@ae5f251e1ed4/Editor/Utils/BoneRendererUtils.cs:121)
System.Runtime.CompilerServices.RuntimeHelpers:RunClassConstructor (System.RuntimeTypeHandle)
UnityEditor.EditorAssemblies:ProcessInitializeOnLoadAttributes (System.Type[])

(Filename: ./Library/PackageCache/com.unity.animation.rigging@ae5f251e1ed4/Editor/Utils/BoneRendererUtils.cs Line: 121)

[MODES] ModeService[none].Initialize
[MODES] ModeService[none].LoadModes
[MODES] Loading mode Default (0) for mode-current-id-ELYA
[Package Manager] Failed to launch server process. Reason: Unity was launched with the -noUpm command-line argument
[Package Manager] Unable to send message (not connected to server process).
[Package Manager] Cannot connect to Unity Package Manager local server
ScheduleIndexationOnStartup MainProcess:False IndexOnStartup:True
Mono: successfully reloaded assembly
- Finished resetting the current domain, in  1.101 seconds
Domain Reload Profiling: 2118ms
	BeginReloadAssembly (220ms)
		ExecutionOrderSort (0ms)
		DisableScriptedObjects (7ms)
		BackupInstance (0ms)
		ReleaseScriptingObjects (0ms)
		CreateAndSetChildDomain (40ms)
	RebuildCommonClasses (41ms)
	RebuildNativeTypeToScriptingClass (14ms)
	initialDomainReloadingComplete (47ms)
	LoadAllAssembliesAndSetupDomain (694ms)
		LoadAssemblies (485ms)
		RebuildTransferFunctionScriptingTraits (0ms)
		AnalyzeDomain (334ms)
			TypeCache.Refresh (223ms)
				TypeCache.ScanAssembly (204ms)
			BuildScriptInfoCaches (94ms)
			ResolveRequiredComponents (12ms)
	FinalizeReload (1102ms)
		ReleaseScriptCaches (0ms)
		RebuildScriptCaches (0ms)
		SetupLoadedEditorAssemblies (856ms)
			LogAssemblyErrors (0ms)
			InitializePlatformSupportModulesInManaged (11ms)
			SetLoadedEditorAssemblies (5ms)
			BeforeProcessingInitializeOnLoad (188ms)
			ProcessInitializeOnLoadAttributes (563ms)
			ProcessInitializeOnLoadMethodAttributes (79ms)
			AfterProcessingInitializeOnLoad (10ms)
			EditorAssembliesLoaded (0ms)
		ExecutionOrderSort2 (0ms)
		AwakeInstancesAfterBackupRestoration (10ms)
WARNING: Shader Unsupported: 'Hidden/Builtin_TerrainVisualization' - All subshaders removed
WARNING: Shader Did you use #pragma only_renderers and omit this platform?
WARNING: Shader If subshaders removal was intentional, you may have forgotten turning Fallback off?
WARNING: Shader Unsupported: 'Hidden/Builtin_TerrainVisualization' - All subshaders removed
WARNING: Shader Did you use #pragma only_renderers and omit this platform?
WARNING: Shader If subshaders removal was intentional, you may have forgotten turning Fallback off?
Launched and connected shader compiler UnityShaderCompiler.exe after 0.02 seconds
Refreshing native plugins compatible for Editor in 41.23 ms, found 10 plugins.
Preloading 0 native plugins for Editor in 0.00 ms.
Unloading 29 Unused Serialized files (Serialized files now loaded: 0)
Unloading 7174 unused Assets / (6.1 MB). Loaded Objects now: 7990.
Memory consumption went from 174.4 MB to 168.3 MB.
Total: 19.866400 ms (FindLiveObjects: 1.590900 ms CreateObjectMapping: 2.049800 ms MarkObjects: 11.025000 ms  DeleteObjects: 5.198800 ms)

========================================================================
Received Import Request.
  Time since last request: 328178.748263 seconds.
  path: Assets/BOKI/LowPolyNature/Models/flower_4.fbx
  artifactKey: Guid(0e53c5d0e713bf342abec19148aa5f1f) Importer(2089858483,b0f066a214c2f5e87bad3c948f4d605d)
Start importing Assets/BOKI/LowPolyNature/Models/flower_4.fbx using Guid(0e53c5d0e713bf342abec19148aa5f1f) Importer(2089858483,b0f066a214c2f5e87bad3c948f4d605d) (ScriptedImporter) -> (artifact id: 'bde235fbbbd54cf39380f108531ecb3d') in 0.1535498 seconds
Number of updated asset objects reloaded before import = 0Number of asset objects unloaded after import = 8

========================================================================
Received Import Request.
  Time since last request: 0.000022 seconds.
  path: Assets/BOKI/LowPolyNature/Settings/Volume Profile.asset
  artifactKey: Guid(b8e623484b1e56e4689ba53b1d539e1d) Importer(2089858483,b0f066a214c2f5e87bad3c948f4d605d)
Start importing Assets/BOKI/LowPolyNature/Settings/Volume Profile.asset using Guid(b8e623484b1e56e4689ba53b1d539e1d) Importer(2089858483,b0f066a214c2f5e87bad3c948f4d605d) (ScriptedImporter) -> (artifact id: '00c64270944f2c05e9ac99cb40837da0') in 0.0107248 seconds
Number of updated asset objects reloaded before import = 0Number of asset objects unloaded after import = 7

========================================================================
Received Import Request.
  Time since last request: 0.000045 seconds.
  path: Assets/BOKI/LowPolyNature/Materials/fisherman.mat
  artifactKey: Guid(cb00737b0222e0a4ca60059eb8052e1e) Importer(2089858483,b0f066a214c2f5e87bad3c948f4d605d)
Start importing Assets/BOKI/LowPolyNature/Materials/fisherman.mat using Guid(cb00737b0222e0a4ca60059eb8052e1e) Importer(2089858483,b0f066a214c2f5e87bad3c948f4d605d) (ScriptedImporter) -> (artifact id: '6a88a3c5f7b9485bcdb8b9bfc951d53f') in 0.0244473 seconds
Number of updated asset objects reloaded before import = 0Number of asset objects unloaded after import = 2

========================================================================
Received Import Request.
  Time since last request: 0.000020 seconds.
  path: Assets/BOKI/LowPolyNature/Models/grass_8.fbx
  artifactKey: Guid(1b674c1c092c8b4439c91251fe300142) Importer(2089858483,b0f066a214c2f5e87bad3c948f4d605d)
Start importing Assets/BOKI/LowPolyNature/Models/grass_8.fbx using Guid(1b674c1c092c8b4439c91251fe300142) Importer(2089858483,b0f066a214c2f5e87bad3c948f4d605d) (ScriptedImporter) -> (artifact id: 'c402606efdeea7c3a75c323f3a1cb568') in 0.0124833 seconds
Number of updated asset objects reloaded before import = 0Number of asset objects unloaded after import = 8

========================================================================
Received Import Request.
  Time since last request: 0.000016 seconds.
  path: Assets/BOKI/LowPolyNature/Materials/Shading/Wind_Branch_Normal_Leaves.mat
  artifactKey: Guid(95ce0281dd970484398eb5f41b952f8f) Importer(2089858483,b0f066a214c2f5e87bad3c948f4d605d)
Start importing Assets/BOKI/LowPolyNature/Materials/Shading/Wind_Branch_Normal_Leaves.mat using Guid(95ce0281dd970484398eb5f41b952f8f) Importer(2089858483,b0f066a214c2f5e87bad3c948f4d605d) (ScriptedImporter) -> (artifact id: '6e4b9f39297965dd49b8482f26040b32') in 0.0625762 seconds
Number of updated asset objects reloaded before import = 0Number of asset objects unloaded after import = 9

========================================================================
Received Import Request.
  Time since last request: 0.000025 seconds.
  path: Assets/BOKI/LowPolyNature/Prefabs/models/tree_pine_snow.prefab
  artifactKey: Guid(6ed4aebaeedce0a42bd253cc5ab192fb) Importer(2089858483,b0f066a214c2f5e87bad3c948f4d605d)
Start importing Assets/BOKI/LowPolyNature/Prefabs/models/tree_pine_snow.prefab using Guid(6ed4aebaeedce0a42bd253cc5ab192fb) Importer(2089858483,b0f066a214c2f5e87bad3c948f4d605d) (ScriptedImporter) -> (artifact id: 'a08c8fc4d51ca2a6e206b3791626c421') in 0.0153141 seconds
Number of updated asset objects reloaded before import = 0Number of asset objects unloaded after import = 10

========================================================================
Received Import Request.
  Time since last request: 0.000030 seconds.
  path: Assets/BOKI/LowPolyNature/Settings
  artifactKey: Guid(dd987d5967a2cfa44901d970d8d4ce72) Importer(2089858483,b0f066a214c2f5e87bad3c948f4d605d)
Start importing Assets/BOKI/LowPolyNature/Settings using Guid(dd987d5967a2cfa44901d970d8d4ce72) Importer(2089858483,b0f066a214c2f5e87bad3c948f4d605d) (ScriptedImporter) -> (artifact id: '9e9fe5ebb65dbd054531f1d0f8c7d55b') in 0.003919 seconds
Number of updated asset objects reloaded before import = 0Number of asset objects unloaded after import = 1

========================================================================
Received Import Request.
  Time since last request: 0.000017 seconds.
  path: Assets/BOKI/LowPolyNature/Models/bush_2.fbx
  artifactKey: Guid(591de4049d7273641b30a042133b9bb1) Importer(2089858483,b0f066a214c2f5e87bad3c948f4d605d)
Start importing Assets/BOKI/LowPolyNature/Models/bush_2.fbx using Guid(591de4049d7273641b30a042133b9bb1) Importer(2089858483,b0f066a214c2f5e87bad3c948f4d605d) (ScriptedImporter) -> (artifact id: 'df0c3d501484b58fdec165ab25b3023c') in 0.0106102 seconds
Number of updated asset objects reloaded before import = 0Number of asset objects unloaded after import = 8

========================================================================
Received Import Request.
  Time since last request: 0.000023 seconds.
  path: Assets/BOKI/LowPolyNature/Models/tree_old_log_1.fbx
  artifactKey: Guid(7e3b425ab3478eb46b37a6f9b74bc91f) Importer(2089858483,b0f066a214c2f5e87bad3c948f4d605d)
Start importing Assets/BOKI/LowPolyNature/Models/tree_old_log_1.fbx using Guid(7e3b425ab3478eb46b37a6f9b74bc91f) Importer(2089858483,b0f066a214c2f5e87bad3c948f4d605d) (ScriptedImporter) -> (artifact id: '3db930d4ccb2687dfb390257320cb73a') in 0.0141829 seconds
Number of updated asset objects reloaded before import = 0Number of asset objects unloaded after import = 9

========================================================================
Received Import Request.
  Time since last request: 0.000024 seconds.
  path: Assets/BOKI/LowPolyNature/Prefabs/models/wall_3.prefab
  artifactKey: Guid(ea67933a3ac149145a1f3c76e0d59fd6) Importer(2089858483,b0f066a214c2f5e87bad3c948f4d605d)
Start importing Assets/BOKI/LowPolyNature/Prefabs/models/wall_3.prefab using Guid(ea67933a3ac149145a1f3c76e0d59fd6) Importer(2089858483,b0f066a214c2f5e87bad3c948f4d605d) (ScriptedImporter) -> (artifact id: 'd153e564650c31c000e5b45cee4f4571') in 0.0098955 seconds
Number of updated asset objects reloaded before import = 0Number of asset objects unloaded after import = 9

========================================================================
Received Import Request.
  Time since last request: 0.000027 seconds.
  path: Assets/BOKI/LowPolyNature/Terrain/data/TerrainData_c4a0a792-a870-4f7f-95d2-8df0de9078ef.asset
  artifactKey: Guid(1dc4b0ba69133834a959ed6cf15f0b32) Importer(2089858483,b0f066a214c2f5e87bad3c948f4d605d)
Start importing Assets/BOKI/LowPolyNature/Terrain/data/TerrainData_c4a0a792-a870-4f7f-95d2-8df0de9078ef.asset using Guid(1dc4b0ba69133834a959ed6cf15f0b32) Importer(2089858483,b0f066a214c2f5e87bad3c948f4d605d) (ScriptedImporter) -> (artifact id: 'd86ae23bcd2586890ba20d0c25bc66c3') in 0.0469084 seconds
Number of updated asset objects reloaded before import = 0Number of asset objects unloaded after import = 2

========================================================================
Received Import Request.
  Time since last request: 0.000023 seconds.
  path: Assets/BOKI/LowPolyNature/Materials/Ground/Ground_Dirt_Rocks_Material.mat
  artifactKey: Guid(b90772e3c520b1f4e8b3041793664bec) Importer(2089858483,b0f066a214c2f5e87bad3c948f4d605d)
Start importing Assets/BOKI/LowPolyNature/Materials/Ground/Ground_Dirt_Rocks_Material.mat using Guid(b90772e3c520b1f4e8b3041793664bec) Importer(2089858483,b0f066a214c2f5e87bad3c948f4d605d) (ScriptedImporter) -> (artifact id: '154abc8dc3d46e1e11cf993a7e647903') in 0.0869522 seconds
Number of updated asset objects reloaded before import = 0Number of asset objects unloaded after import = 4

========================================================================
Received Import Request.
  Time since last request: 0.000028 seconds.
  path: Assets/BOKI/LowPolyNature/Textures/ground/Ground_Grass_Leaves_Green_Material_Albedo.png
  artifactKey: Guid(d9999dfa56d93b94f86062e1c63b7f5a) Importer(2089858483,b0f066a214c2f5e87bad3c948f4d605d)
Start importing Assets/BOKI/LowPolyNature/Textures/ground/Ground_Grass_Leaves_Green_Material_Albedo.png using Guid(d9999dfa56d93b94f86062e1c63b7f5a) Importer(2089858483,b0f066a214c2f5e87bad3c948f4d605d) (ScriptedImporter) -> (artifact id: '39e16c1ee98d64184d5d01c8bc132ddf') in 0.0564265 seconds
Number of updated asset objects reloaded before import = 0Number of asset objects unloaded after import = 1

========================================================================
Received Import Request.
  Time since last request: 0.000022 seconds.
  path: Assets/BOKI/LowPolyNature/Terrain/data/TerrainData_948b9b92-5ffb-4402-8ec9-1a5477648b85.asset
  artifactKey: Guid(d2a13ae92a8d5bb4ebf5d81ebb7b45e7) Importer(2089858483,b0f066a214c2f5e87bad3c948f4d605d)
Start importing Assets/BOKI/LowPolyNature/Terrain/data/TerrainData_948b9b92-5ffb-4402-8ec9-1a5477648b85.asset using Guid(d2a13ae92a8d5bb4ebf5d81ebb7b45e7) Importer(2089858483,b0f066a214c2f5e87bad3c948f4d605d) (ScriptedImporter) -> (artifact id: 'b8129b171cea9a426fc6cb1df79fca7b') in 0.0341666 seconds
Number of updated asset objects reloaded before import = 0Number of asset objects unloaded after import = 2

========================================================================
Received Import Request.
  Time since last request: 0.000017 seconds.
  path: Assets/BOKI/LowPolyNature/Materials/tree_weeping_willow.mat
  artifactKey: Guid(6ca55d69c9438044e97550ce4d533ccc) Importer(2089858483,b0f066a214c2f5e87bad3c948f4d605d)
Start importing Assets/BOKI/LowPolyNature/Materials/tree_weeping_willow.mat using Guid(6ca55d69c9438044e97550ce4d533ccc) Importer(2089858483,b0f066a214c2f5e87bad3c948f4d605d) (ScriptedImporter) -> (artifact id: 'b720f12bf96950ad38d987ee502fb07b') in 0.0058324 seconds
Number of updated asset objects reloaded before import = 0Number of asset objects unloaded after import = 1

========================================================================
Received Import Request.
  Time since last request: 0.000018 seconds.
  path: Assets/BOKI/LowPolyNature/Materials/Shading/Water_Quiet_Material_Swamp.mat
  artifactKey: Guid(3f125630a0e4f614b8036ddd5446fcc6) Importer(2089858483,b0f066a214c2f5e87bad3c948f4d605d)
Start importing Assets/BOKI/LowPolyNature/Materials/Shading/Water_Quiet_Material_Swamp.mat using Guid(3f125630a0e4f614b8036ddd5446fcc6) Importer(2089858483,b0f066a214c2f5e87bad3c948f4d605d) (ScriptedImporter) -> (artifact id: '4c54035c1ed9ab2a6961212543bc0c0b') in 0.0097431 seconds
Number of updated asset objects reloaded before import = 0Number of asset objects unloaded after import = 7

========================================================================
Received Import Request.
  Time since last request: 0.000023 seconds.
  path: Assets/BOKI/LowPolyNature/Textures/leaves/Branch_Leaves_Normal_Material_Albedo.png
  artifactKey: Guid(dbc0e33dc0a438242b66ffe2c6a62ac9) Importer(2089858483,b0f066a214c2f5e87bad3c948f4d605d)
Start importing Assets/BOKI/LowPolyNature/Textures/leaves/Branch_Leaves_Normal_Material_Albedo.png using Guid(dbc0e33dc0a438242b66ffe2c6a62ac9) Importer(2089858483,b0f066a214c2f5e87bad3c948f4d605d) (ScriptedImporter) -> (artifact id: '02c73a1aa540c6cf865b296a6622ebc9') in 0.0208484 seconds
Number of updated asset objects reloaded before import = 0Number of asset objects unloaded after import = 1

========================================================================
Received Import Request.
  Time since last request: 0.000030 seconds.
  path: Assets/BOKI/LowPolyNature/Models/mountain_1.fbx
  artifactKey: Guid(e730090da2488c04ca5e49785ab540b9) Importer(2089858483,b0f066a214c2f5e87bad3c948f4d605d)
Start importing Assets/BOKI/LowPolyNature/Models/mountain_1.fbx using Guid(e730090da2488c04ca5e49785ab540b9) Importer(2089858483,b0f066a214c2f5e87bad3c948f4d605d) (ScriptedImporter) -> (artifact id: '0c964aae54f27598cccdedddb6868348') in 0.014979 seconds
Number of updated asset objects reloaded before import = 0Number of asset objects unloaded after import = 9

========================================================================
Received Import Request.
  Time since last request: 0.000016 seconds.
  path: Assets/BOKI/LowPolyNature/Textures/ground/Ground_Grass_Material_Albedo.png
  artifactKey: Guid(8f0d713f327022e498db79703fb6bc50) Importer(2089858483,b0f066a214c2f5e87bad3c948f4d605d)
Start importing Assets/BOKI/LowPolyNature/Textures/ground/Ground_Grass_Material_Albedo.png using Guid(8f0d713f327022e498db79703fb6bc50) Importer(2089858483,b0f066a214c2f5e87bad3c948f4d605d) (ScriptedImporter) -> (artifact id: '91ab809675d270db933d2f017378da09') in 0.0181583 seconds
Number of updated asset objects reloaded before import = 0Number of asset objects unloaded after import = 1

========================================================================
Received Import Request.
  Time since last request: 0.000014 seconds.
  path: Assets/BOKI/LowPolyNature/Prefabs/models/grass_5.prefab
  artifactKey: Guid(d98dc99d981a3b54da925fd80443ff97) Importer(2089858483,b0f066a214c2f5e87bad3c948f4d605d)
Start importing Assets/BOKI/LowPolyNature/Prefabs/models/grass_5.prefab using Guid(d98dc99d981a3b54da925fd80443ff97) Importer(2089858483,b0f066a214c2f5e87bad3c948f4d605d) (ScriptedImporter) -> (artifact id: '498b4f7d0166f5ee33bc451e46ab5270') in 0.013187 seconds
Number of updated asset objects reloaded before import = 0Number of asset objects unloaded after import = 9

========================================================================
Received Import Request.
  Time since last request: 0.000018 seconds.
  path: Assets/BOKI/LowPolyNature/Terrain/layers/Ground_Snow_Layer.terrainlayer
  artifactKey: Guid(6b989a519e8c3a847a5f5f233878c119) Importer(2089858483,b0f066a214c2f5e87bad3c948f4d605d)
Start importing Assets/BOKI/LowPolyNature/Terrain/layers/Ground_Snow_Layer.terrainlayer using Guid(6b989a519e8c3a847a5f5f233878c119) Importer(2089858483,b0f066a214c2f5e87bad3c948f4d605d) (ScriptedImporter) -> (artifact id: '8889fc80fd6fc86c17828e9fb8ae378e') in 0.0632864 seconds
Number of updated asset objects reloaded before import = 0Number of asset objects unloaded after import = 4

========================================================================
Received Import Request.
  Time since last request: 0.000033 seconds.
  path: Assets/BOKI/LowPolyNature/Prefabs/models/grass_3.prefab
  artifactKey: Guid(50d2489154b4ba04a910c1bcc140050b) Importer(2089858483,b0f066a214c2f5e87bad3c948f4d605d)
Start importing Assets/BOKI/LowPolyNature/Prefabs/models/grass_3.prefab using Guid(50d2489154b4ba04a910c1bcc140050b) Importer(2089858483,b0f066a214c2f5e87bad3c948f4d605d) (ScriptedImporter) -> (artifact id: '2be801a879048d80dc696aed8e96bc15') in 0.0110908 seconds
Number of updated asset objects reloaded before import = 0Number of asset objects unloaded after import = 9

========================================================================
Received Import Request.
  Time since last request: 0.000020 seconds.
  path: Assets/BOKI/LowPolyNature/Scenes/DemoScene/Lightmap-0_comp_light.exr
  artifactKey: Guid(40bf0863e7f368b44a80c86aedfb9c66) Importer(2089858483,b0f066a214c2f5e87bad3c948f4d605d)
Start importing Assets/BOKI/LowPolyNature/Scenes/DemoScene/Lightmap-0_comp_light.exr using Guid(40bf0863e7f368b44a80c86aedfb9c66) Importer(2089858483,b0f066a214c2f5e87bad3c948f4d605d) (ScriptedImporter) -> (artifact id: 'eb9274598fcff4be6de36c3a7f2a792d') in 0.0347834 seconds
Number of updated asset objects reloaded before import = 0Number of asset objects unloaded after import = 1

========================================================================
Received Import Request.
  Time since last request: 0.000016 seconds.
  path: Assets/BOKI/LowPolyNature/Shaders/Water_1_Shader.shadergraph
  artifactKey: Guid(804215e93ee96064ea9e66b1b568d4f8) Importer(2089858483,b0f066a214c2f5e87bad3c948f4d605d)
Start importing Assets/BOKI/LowPolyNature/Shaders/Water_1_Shader.shadergraph using Guid(804215e93ee96064ea9e66b1b568d4f8) Importer(2089858483,b0f066a214c2f5e87bad3c948f4d605d) (ScriptedImporter) -> (artifact id: '847898d895e0294bee3a6825e1958755') in 0.0328862 seconds
Number of updated asset objects reloaded before import = 0Number of asset objects unloaded after import = 6

========================================================================
Received Import Request.
  Time since last request: 0.000019 seconds.
  path: Assets/BOKI/LowPolyNature/Shaders/Water_Depth_Fade_Shader.shadersubgraph
  artifactKey: Guid(a30c3f4db044dc6409618c066a307368) Importer(2089858483,b0f066a214c2f5e87bad3c948f4d605d)
Start importing Assets/BOKI/LowPolyNature/Shaders/Water_Depth_Fade_Shader.shadersubgraph using Guid(a30c3f4db044dc6409618c066a307368) Importer(2089858483,b0f066a214c2f5e87bad3c948f4d605d) (ScriptedImporter) -> (artifact id: '02fe4ac239b161a5e26c5d2bee60ce38') in 0.0111061 seconds
Number of updated asset objects reloaded before import = 0Number of asset objects unloaded after import = 1

========================================================================
Received Import Request.
  Time since last request: 0.000029 seconds.
  path: Assets/BOKI/LowPolyNature/Terrain/layers/Ground_Dirt_Rocks_Layer.terrainlayer
  artifactKey: Guid(58b0a9b77469d8e4696bdd61ff3dec60) Importer(2089858483,b0f066a214c2f5e87bad3c948f4d605d)
Start importing Assets/BOKI/LowPolyNature/Terrain/layers/Ground_Dirt_Rocks_Layer.terrainlayer using Guid(58b0a9b77469d8e4696bdd61ff3dec60) Importer(2089858483,b0f066a214c2f5e87bad3c948f4d605d) (ScriptedImporter) -> (artifact id: '9ba9953ed451b16f7f2b2af6df077147') in 0.0379891 seconds
Number of updated asset objects reloaded before import = 0Number of asset objects unloaded after import = 4

========================================================================
Received Import Request.
  Time since last request: 0.000046 seconds.
  path: Assets/BOKI/LowPolyNature/Prefabs/models/tree_old_trunk_1.prefab
  artifactKey: Guid(b540a01988cc0ba4baed8af8e2bbbf10) Importer(2089858483,b0f066a214c2f5e87bad3c948f4d605d)
Start importing Assets/BOKI/LowPolyNature/Prefabs/models/tree_old_trunk_1.prefab using Guid(b540a01988cc0ba4baed8af8e2bbbf10) Importer(2089858483,b0f066a214c2f5e87bad3c948f4d605d) (ScriptedImporter) -> (artifact id: '13cfe9d2c83c7a380c0c962c6cde6365') in 0.0080833 seconds
Number of updated asset objects reloaded before import = 0Number of asset objects unloaded after import = 9

========================================================================
Received Import Request.
  Time since last request: 0.000017 seconds.
  path: Assets/BOKI/LowPolyNature/Models/fishing_pole_string.fbx
  artifactKey: Guid(bdae8a8f903e13649a2c278c678dbf2d) Importer(2089858483,b0f066a214c2f5e87bad3c948f4d605d)
Start importing Assets/BOKI/LowPolyNature/Models/fishing_pole_string.fbx using Guid(bdae8a8f903e13649a2c278c678dbf2d) Importer(2089858483,b0f066a214c2f5e87bad3c948f4d605d) (ScriptedImporter) -> (artifact id: '3c76536f37a029ba5516f1ff184a80c3') in 0.0121406 seconds
Number of updated asset objects reloaded before import = 0Number of asset objects unloaded after import = 9

========================================================================
Received Import Request.
  Time since last request: 0.000023 seconds.
  path: Assets/BOKI/LowPolyNature/Models/grass_3.fbx
  artifactKey: Guid(55d09850e17a5c246a5acfbc59d2b8bb) Importer(2089858483,b0f066a214c2f5e87bad3c948f4d605d)
Start importing Assets/BOKI/LowPolyNature/Models/grass_3.fbx using Guid(55d09850e17a5c246a5acfbc59d2b8bb) Importer(2089858483,b0f066a214c2f5e87bad3c948f4d605d) (ScriptedImporter) -> (artifact id: '24df9b827431c417b5f8f03738dfcce5') in 0.0104998 seconds
Number of updated asset objects reloaded before import = 0Number of asset objects unloaded after import = 8

========================================================================
Received Import Request.
  Time since last request: 0.000060 seconds.
  path: Assets/BOKI/LowPolyNature/Prefabs/models/mountain_snow_1.prefab
  artifactKey: Guid(6660894281dc05043aa2954e1ff3cd4f) Importer(2089858483,b0f066a214c2f5e87bad3c948f4d605d)
Start importing Assets/BOKI/LowPolyNature/Prefabs/models/mountain_snow_1.prefab using Guid(6660894281dc05043aa2954e1ff3cd4f) Importer(2089858483,b0f066a214c2f5e87bad3c948f4d605d) (ScriptedImporter) -> (artifact id: '4bd59bea2403e4bd7230c24432dc8994') in 0.0090151 seconds
Number of updated asset objects reloaded before import = 0Number of asset objects unloaded after import = 9

========================================================================
Received Import Request.
  Time since last request: 0.000016 seconds.
  path: Assets/BOKI/LowPolyNature/Textures/ground/Ground_Grass_Leaves_Yellow_Material_Normal.png
  artifactKey: Guid(878f15a52c2a56a4391d114c4b86980e) Importer(2089858483,b0f066a214c2f5e87bad3c948f4d605d)
Start importing Assets/BOKI/LowPolyNature/Textures/ground/Ground_Grass_Leaves_Yellow_Material_Normal.png using Guid(878f15a52c2a56a4391d114c4b86980e) Importer(2089858483,b0f066a214c2f5e87bad3c948f4d605d) (ScriptedImporter) -> (artifact id: 'ad91831d18fafc6504618084db4ca338') in 0.0215582 seconds
Number of updated asset objects reloaded before import = 0Number of asset objects unloaded after import = 1

========================================================================
Received Import Request.
  Time since last request: 0.000015 seconds.
  path: Assets/BOKI/LowPolyNature/Animation/Main Camera.controller
  artifactKey: Guid(609fd1d1c88dd7a4a96049e8befd4fe9) Importer(2089858483,b0f066a214c2f5e87bad3c948f4d605d)
Start importing Assets/BOKI/LowPolyNature/Animation/Main Camera.controller using Guid(609fd1d1c88dd7a4a96049e8befd4fe9) Importer(2089858483,b0f066a214c2f5e87bad3c948f4d605d) (ScriptedImporter) -> (artifact id: 'ef399450f015179a6779c4d73b345f85') in 0.0127782 seconds
Number of updated asset objects reloaded before import = 0Number of asset objects unloaded after import = 22

========================================================================
Received Import Request.
  Time since last request: 0.000019 seconds.
  path: Assets/BOKI/LowPolyNature/Textures/ground/Ground_Grass_Rocks_Material_AO.png
  artifactKey: Guid(7408675bd209b6647b7210058ccc293b) Importer(2089858483,b0f066a214c2f5e87bad3c948f4d605d)
Start importing Assets/BOKI/LowPolyNature/Textures/ground/Ground_Grass_Rocks_Material_AO.png using Guid(7408675bd209b6647b7210058ccc293b) Importer(2089858483,b0f066a214c2f5e87bad3c948f4d605d) (ScriptedImporter) -> (artifact id: '665aa52c3b72da69f3200d95515233ec') in 0.0169275 seconds
Number of updated asset objects reloaded before import = 0Number of asset objects unloaded after import = 1

========================================================================
Received Import Request.
  Time since last request: 0.000027 seconds.
  path: Assets/BOKI/LowPolyNature/Prefabs/vfx/Waterfall_Particle_Splash_VFX.prefab
  artifactKey: Guid(18e5c2d27a8cc994da7112264105e6df) Importer(2089858483,b0f066a214c2f5e87bad3c948f4d605d)
Start importing Assets/BOKI/LowPolyNature/Prefabs/vfx/Waterfall_Particle_Splash_VFX.prefab using Guid(18e5c2d27a8cc994da7112264105e6df) Importer(2089858483,b0f066a214c2f5e87bad3c948f4d605d) (ScriptedImporter) -> (artifact id: '36467425aad0400dee4e49f455e6e801') in 0.0771345 seconds
Number of updated asset objects reloaded before import = 0Number of asset objects unloaded after import = 9

========================================================================
Received Import Request.
  Time since last request: 0.000015 seconds.
  path: Assets/BOKI/LowPolyNature/Textures/ground/Ground_Demo_Albedo.png
  artifactKey: Guid(75e583d126859b14aa6ecb942015da75) Importer(2089858483,b0f066a214c2f5e87bad3c948f4d605d)
Start importing Assets/BOKI/LowPolyNature/Textures/ground/Ground_Demo_Albedo.png using Guid(75e583d126859b14aa6ecb942015da75) Importer(2089858483,b0f066a214c2f5e87bad3c948f4d605d) (ScriptedImporter) -> (artifact id: '8efd9c5c5ff3e127dec013b009efd4e8') in 0.0241486 seconds
Number of updated asset objects reloaded before import = 0Number of asset objects unloaded after import = 1

========================================================================
Received Import Request.
  Time since last request: 0.000025 seconds.
  path: Assets/BOKI/LowPolyNature/Prefabs/models/cliff_4.prefab
  artifactKey: Guid(a89c527c28ff9f849a918b82c2af5641) Importer(2089858483,b0f066a214c2f5e87bad3c948f4d605d)
Start importing Assets/BOKI/LowPolyNature/Prefabs/models/cliff_4.prefab using Guid(a89c527c28ff9f849a918b82c2af5641) Importer(2089858483,b0f066a214c2f5e87bad3c948f4d605d) (ScriptedImporter) -> (artifact id: '220726bf2cea0c87e3fac7cd4208e8d3') in 0.0086581 seconds
Number of updated asset objects reloaded before import = 0Number of asset objects unloaded after import = 9

========================================================================
Received Import Request.
  Time since last request: 0.000039 seconds.
  path: Assets/BOKI/LowPolyNature/Scenes/DemoScene/Lightmap-1_comp_dir.png
  artifactKey: Guid(c34040e4253ea5d4aa6c28f045cb1bcb) Importer(2089858483,b0f066a214c2f5e87bad3c948f4d605d)
Start importing Assets/BOKI/LowPolyNature/Scenes/DemoScene/Lightmap-1_comp_dir.png using Guid(c34040e4253ea5d4aa6c28f045cb1bcb) Importer(2089858483,b0f066a214c2f5e87bad3c948f4d605d) (ScriptedImporter) -> (artifact id: 'cef64b9d71910afd3703cd71017f287d') in 0.0340795 seconds
Number of updated asset objects reloaded before import = 0Number of asset objects unloaded after import = 1

========================================================================
Received Import Request.
  Time since last request: 0.000015 seconds.
  path: Assets/BOKI/LowPolyNature/Textures/ground/Ground_Sand_Rocks_Material_Albedo.png
  artifactKey: Guid(55f27ef1d5c96804ab0dc279ef02f922) Importer(2089858483,b0f066a214c2f5e87bad3c948f4d605d)
Start importing Assets/BOKI/LowPolyNature/Textures/ground/Ground_Sand_Rocks_Material_Albedo.png using Guid(55f27ef1d5c96804ab0dc279ef02f922) Importer(2089858483,b0f066a214c2f5e87bad3c948f4d605d) (ScriptedImporter) -> (artifact id: '3ae60e1957980b688b81d78144805302') in 0.0261277 seconds
Number of updated asset objects reloaded before import = 0Number of asset objects unloaded after import = 1

========================================================================
Received Import Request.
  Time since last request: 0.000014 seconds.
  path: Assets/BOKI/LowPolyNature/Prefabs/models/bush_yellow_2.prefab
  artifactKey: Guid(003394f247adcbb4d8cd1b241c7a4e3f) Importer(2089858483,b0f066a214c2f5e87bad3c948f4d605d)
Start importing Assets/BOKI/LowPolyNature/Prefabs/models/bush_yellow_2.prefab using Guid(003394f247adcbb4d8cd1b241c7a4e3f) Importer(2089858483,b0f066a214c2f5e87bad3c948f4d605d) (ScriptedImporter) -> (artifact id: '78c00f4c5e5f9221c41cfa8053cefc1a') in 0.009086 seconds
Number of updated asset objects reloaded before import = 0Number of asset objects unloaded after import = 9

========================================================================
Received Import Request.
  Time since last request: 0.000019 seconds.
  path: Assets/BOKI/LowPolyNature/Textures/leaves/Branch_Leaves_Normal_Yellow_Material_Normal.png
  artifactKey: Guid(aa66ad6d9f8ac66409604220deb236fe) Importer(2089858483,b0f066a214c2f5e87bad3c948f4d605d)
Start importing Assets/BOKI/LowPolyNature/Textures/leaves/Branch_Leaves_Normal_Yellow_Material_Normal.png using Guid(aa66ad6d9f8ac66409604220deb236fe) Importer(2089858483,b0f066a214c2f5e87bad3c948f4d605d) (ScriptedImporter) -> (artifact id: 'b57dce804734ed8ca68fc9a5f6c0d4ca') in 0.0228945 seconds
Number of updated asset objects reloaded before import = 0Number of asset objects unloaded after import = 1

========================================================================
Received Import Request.
  Time since last request: 0.000030 seconds.
  path: Assets/BOKI/LowPolyNature/Textures/ground/Ground_Dirt_Material_Normal.png
  artifactKey: Guid(defcb927301e79748bceca9ec3f1a675) Importer(2089858483,b0f066a214c2f5e87bad3c948f4d605d)
Start importing Assets/BOKI/LowPolyNature/Textures/ground/Ground_Dirt_Material_Normal.png using Guid(defcb927301e79748bceca9ec3f1a675) Importer(2089858483,b0f066a214c2f5e87bad3c948f4d605d) (ScriptedImporter) -> (artifact id: '284be5a5b859e38727edd0f477ae9e2b') in 0.0211162 seconds
Number of updated asset objects reloaded before import = 0Number of asset objects unloaded after import = 1

========================================================================
Received Import Request.
  Time since last request: 0.000016 seconds.
  path: Assets/BOKI/LowPolyNature/Materials/Shading/Wind_Branch_Willow_Leaves.mat
  artifactKey: Guid(49a886fd748d06e43b430793b5a7bdd8) Importer(2089858483,b0f066a214c2f5e87bad3c948f4d605d)
Start importing Assets/BOKI/LowPolyNature/Materials/Shading/Wind_Branch_Willow_Leaves.mat using Guid(49a886fd748d06e43b430793b5a7bdd8) Importer(2089858483,b0f066a214c2f5e87bad3c948f4d605d) (ScriptedImporter) -> (artifact id: '9b824a9f60a369da9c8550f28936b6e6') in 0.0523713 seconds
Number of updated asset objects reloaded before import = 0Number of asset objects unloaded after import = 9

========================================================================
Received Import Request.
  Time since last request: 0.000020 seconds.
  path: Assets/BOKI/LowPolyNature/Textures/ground/Ground_Sand_Leaves_Green_Material_AO.png
  artifactKey: Guid(e61e4f5e94ce8f2469446fa35ffc11e1) Importer(2089858483,b0f066a214c2f5e87bad3c948f4d605d)
Start importing Assets/BOKI/LowPolyNature/Textures/ground/Ground_Sand_Leaves_Green_Material_AO.png using Guid(e61e4f5e94ce8f2469446fa35ffc11e1) Importer(2089858483,b0f066a214c2f5e87bad3c948f4d605d) (ScriptedImporter) -> (artifact id: '15190716d3c17cfe858f683651ec911f') in 0.0204623 seconds
Number of updated asset objects reloaded before import = 0Number of asset objects unloaded after import = 1

========================================================================
Received Import Request.
  Time since last request: 0.000019 seconds.
  path: Assets/BOKI/LowPolyNature/Materials/Shading/Graphs_Waterfall_Material.mat
  artifactKey: Guid(7dc30d60f799a8c448490dbcfbf27809) Importer(2089858483,b0f066a214c2f5e87bad3c948f4d605d)
Start importing Assets/BOKI/LowPolyNature/Materials/Shading/Graphs_Waterfall_Material.mat using Guid(7dc30d60f799a8c448490dbcfbf27809) Importer(2089858483,b0f066a214c2f5e87bad3c948f4d605d) (ScriptedImporter) -> (artifact id: '9a7895bd70c6c022cb4c69f62fd2114e') in 0.0065121 seconds
Number of updated asset objects reloaded before import = 0Number of asset objects unloaded after import = 5

========================================================================
Received Import Request.
  Time since last request: 0.000027 seconds.
  path: Assets/BOKI/LowPolyNature/Prefabs/models/tree_pine.prefab
  artifactKey: Guid(3dbdfd849717a50498148df6c7e5d2de) Importer(2089858483,b0f066a214c2f5e87bad3c948f4d605d)
Start importing Assets/BOKI/LowPolyNature/Prefabs/models/tree_pine.prefab using Guid(3dbdfd849717a50498148df6c7e5d2de) Importer(2089858483,b0f066a214c2f5e87bad3c948f4d605d) (ScriptedImporter) -> (artifact id: 'b99821d27cfc17ad2eb6a09a7b4c5fe8') in 0.0098911 seconds
Number of updated asset objects reloaded before import = 0Number of asset objects unloaded after import = 10

========================================================================
Received Import Request.
  Time since last request: 0.000018 seconds.
  path: Assets/BOKI/LowPolyNature/Models/grass_2.fbx
  artifactKey: Guid(dc1c1f99930e345469701ba9af3afdb8) Importer(2089858483,b0f066a214c2f5e87bad3c948f4d605d)
Start importing Assets/BOKI/LowPolyNature/Models/grass_2.fbx using Guid(dc1c1f99930e345469701ba9af3afdb8) Importer(2089858483,b0f066a214c2f5e87bad3c948f4d605d) (ScriptedImporter) -> (artifact id: 'e975f742072971009a64903bf879d82e') in 0.0100693 seconds
Number of updated asset objects reloaded before import = 0Number of asset objects unloaded after import = 8

========================================================================
Received Import Request.
  Time since last request: 0.000019 seconds.
  path: Assets/BOKI/LowPolyNature/Textures/leaves/Branch_Leaves_Pine_Material_Albedo.png
  artifactKey: Guid(730a544b77a98354aacf59921388f947) Importer(2089858483,b0f066a214c2f5e87bad3c948f4d605d)
Start importing Assets/BOKI/LowPolyNature/Textures/leaves/Branch_Leaves_Pine_Material_Albedo.png using Guid(730a544b77a98354aacf59921388f947) Importer(2089858483,b0f066a214c2f5e87bad3c948f4d605d) (ScriptedImporter) -> (artifact id: '263a4f0415cc1ae3d7677708cd65ae25') in 0.0217975 seconds
Number of updated asset objects reloaded before import = 0Number of asset objects unloaded after import = 1

========================================================================
Received Import Request.
  Time since last request: 0.000021 seconds.
  path: Assets/BOKI/LowPolyNature/Materials/Shading/Water_Flow_Material.mat
  artifactKey: Guid(a6b3ce61159873a4885c139a7bf0e276) Importer(2089858483,b0f066a214c2f5e87bad3c948f4d605d)
Start importing Assets/BOKI/LowPolyNature/Materials/Shading/Water_Flow_Material.mat using Guid(a6b3ce61159873a4885c139a7bf0e276) Importer(2089858483,b0f066a214c2f5e87bad3c948f4d605d) (ScriptedImporter) -> (artifact id: 'de6e7f03a76740d8f7ce4253b2ff53e2') in 0.0066309 seconds
Number of updated asset objects reloaded before import = 0Number of asset objects unloaded after import = 5

========================================================================
Received Import Request.
  Time since last request: 0.000041 seconds.
  path: Assets/BOKI/LowPolyNature/Terrain/layers/Ground_Demo_Color_Layer.terrainlayer
  artifactKey: Guid(b255ede0156c2c74b952caa2dac6bf32) Importer(2089858483,b0f066a214c2f5e87bad3c948f4d605d)
Start importing Assets/BOKI/LowPolyNature/Terrain/layers/Ground_Demo_Color_Layer.terrainlayer using Guid(b255ede0156c2c74b952caa2dac6bf32) Importer(2089858483,b0f066a214c2f5e87bad3c948f4d605d) (ScriptedImporter) -> (artifact id: '26e6dc398d25de2864ab26304145338b') in 0.0147061 seconds
Number of updated asset objects reloaded before import = 0Number of asset objects unloaded after import = 2

========================================================================
Received Import Request.
  Time since last request: 0.000019 seconds.
  path: Assets/BOKI/LowPolyNature/Prefabs/TerrainLayerPalate.asset
  artifactKey: Guid(7352f946fc2ebbd4782181c1c68158d0) Importer(2089858483,b0f066a214c2f5e87bad3c948f4d605d)
Start importing Assets/BOKI/LowPolyNature/Prefabs/TerrainLayerPalate.asset using Guid(7352f946fc2ebbd4782181c1c68158d0) Importer(2089858483,b0f066a214c2f5e87bad3c948f4d605d) (ScriptedImporter) -> (artifact id: '095d8f9a3cf3816492a9252c36f164d3') in 0.0097023 seconds
Number of updated asset objects reloaded before import = 0Number of asset objects unloaded after import = 12

========================================================================
Received Import Request.
  Time since last request: 0.000023 seconds.
  path: Assets/BOKI/LowPolyNature/Audio/Clips
  artifactKey: Guid(ea55aa8528479584c81ec71124d9666c) Importer(2089858483,b0f066a214c2f5e87bad3c948f4d605d)
Start importing Assets/BOKI/LowPolyNature/Audio/Clips using Guid(ea55aa8528479584c81ec71124d9666c) Importer(2089858483,b0f066a214c2f5e87bad3c948f4d605d) (ScriptedImporter) -> (artifact id: 'd16b960ad93c78483b86b875a5d33cd7') in 0.0039154 seconds
Number of updated asset objects reloaded before import = 0Number of asset objects unloaded after import = 1

========================================================================
Received Import Request.
  Time since last request: 0.000037 seconds.
  path: Assets/BOKI/LowPolyNature/Models/rock_1.fbx
  artifactKey: Guid(7c8d248b8b26a48478d9f24108a8e322) Importer(2089858483,b0f066a214c2f5e87bad3c948f4d605d)
Start importing Assets/BOKI/LowPolyNature/Models/rock_1.fbx using Guid(7c8d248b8b26a48478d9f24108a8e322) Importer(2089858483,b0f066a214c2f5e87bad3c948f4d605d) (ScriptedImporter) -> (artifact id: '8484214df056bde1e695e8110089469f') in 0.0137917 seconds
Number of updated asset objects reloaded before import = 0Number of asset objects unloaded after import = 8

========================================================================
Received Import Request.
  Time since last request: 0.000020 seconds.
  path: Assets/BOKI/LowPolyNature/Settings/ForwardRenderer.asset
  artifactKey: Guid(4a8e21d5c33334b11b34a596161b9360) Importer(2089858483,b0f066a214c2f5e87bad3c948f4d605d)
Start importing Assets/BOKI/LowPolyNature/Settings/ForwardRenderer.asset using Guid(4a8e21d5c33334b11b34a596161b9360) Importer(2089858483,b0f066a214c2f5e87bad3c948f4d605d) (ScriptedImporter) -> (artifact id: 'fc9cb0f6d0aa7c8a8485523b75880c42') in 0.034947 seconds
Number of updated asset objects reloaded before import = 0Number of asset objects unloaded after import = 2

========================================================================
Received Import Request.
  Time since last request: 0.000031 seconds.
  path: Assets/BOKI/LowPolyNature/Shaders/Tree_Wind_Shader.shadergraph
  artifactKey: Guid(8444ac950a9ecf04b8e67a01869a9929) Importer(2089858483,b0f066a214c2f5e87bad3c948f4d605d)
Start importing Assets/BOKI/LowPolyNature/Shaders/Tree_Wind_Shader.shadergraph using Guid(8444ac950a9ecf04b8e67a01869a9929) Importer(2089858483,b0f066a214c2f5e87bad3c948f4d605d) (ScriptedImporter) -> (artifact id: '1734dbb4197822a983a070bcc0eb457c') in 0.0449339 seconds
Number of updated asset objects reloaded before import = 0Number of asset objects unloaded after import = 8

========================================================================
Received Import Request.
  Time since last request: 0.000033 seconds.
  path: Assets/BOKI/LowPolyNature/Models/mountain_snow_1.fbx
  artifactKey: Guid(3198001adb14b6641a9692954101651f) Importer(2089858483,b0f066a214c2f5e87bad3c948f4d605d)
Start importing Assets/BOKI/LowPolyNature/Models/mountain_snow_1.fbx using Guid(3198001adb14b6641a9692954101651f) Importer(2089858483,b0f066a214c2f5e87bad3c948f4d605d) (ScriptedImporter) -> (artifact id: '48f739edaf5da984f7e7d97502bc5703') in 0.0157629 seconds
Number of updated asset objects reloaded before import = 0Number of asset objects unloaded after import = 9

========================================================================
Received Import Request.
  Time since last request: 0.000018 seconds.
  path: Assets/BOKI/LowPolyNature/Terrain/data/New Terrain 1.asset
  artifactKey: Guid(62df108bb83624747b38e2f17899e8f6) Importer(2089858483,b0f066a214c2f5e87bad3c948f4d605d)
Start importing Assets/BOKI/LowPolyNature/Terrain/data/New Terrain 1.asset using Guid(62df108bb83624747b38e2f17899e8f6) Importer(2089858483,b0f066a214c2f5e87bad3c948f4d605d) (ScriptedImporter) -> (artifact id: '3fd10cc7b669bcd06259f12eab6ad10f') in 0.0797243 seconds
Number of updated asset objects reloaded before import = 0Number of asset objects unloaded after import = 4

========================================================================
Received Import Request.
  Time since last request: 0.000025 seconds.
  path: Assets/BOKI/LowPolyNature/Materials/tree_normal.mat
  artifactKey: Guid(ac909779b2958694d82f86729793271d) Importer(2089858483,b0f066a214c2f5e87bad3c948f4d605d)
Start importing Assets/BOKI/LowPolyNature/Materials/tree_normal.mat using Guid(ac909779b2958694d82f86729793271d) Importer(2089858483,b0f066a214c2f5e87bad3c948f4d605d) (ScriptedImporter) -> (artifact id: 'c4ed9b93cced1d3539aeb66f87924f4e') in 0.0069738 seconds
Number of updated asset objects reloaded before import = 0Number of asset objects unloaded after import = 1

========================================================================
Received Import Request.
  Time since last request: 0.000023 seconds.
  path: Assets/BOKI/LowPolyNature/Terrain/data/TerrainData_d0aa8890-bf23-4ab9-8984-22b66b29cf25.asset
  artifactKey: Guid(548fe8473d3cefe45a8caa3df24a018b) Importer(2089858483,b0f066a214c2f5e87bad3c948f4d605d)
Start importing Assets/BOKI/LowPolyNature/Terrain/data/TerrainData_d0aa8890-bf23-4ab9-8984-22b66b29cf25.asset using Guid(548fe8473d3cefe45a8caa3df24a018b) Importer(2089858483,b0f066a214c2f5e87bad3c948f4d605d) (ScriptedImporter) -> (artifact id: '5c11de760d44bb1aea9479529cb9cf2b') in 0.0478136 seconds
Number of updated asset objects reloaded before import = 0Number of asset objects unloaded after import = 2

========================================================================
Received Import Request.
  Time since last request: 0.000015 seconds.
  path: Assets/BOKI/LowPolyNature/Terrain/layers/Ground_Grass_Layer.terrainlayer
  artifactKey: Guid(789df38fdda5c424a882d1c96a3ef134) Importer(2089858483,b0f066a214c2f5e87bad3c948f4d605d)
Start importing Assets/BOKI/LowPolyNature/Terrain/layers/Ground_Grass_Layer.terrainlayer using Guid(789df38fdda5c424a882d1c96a3ef134) Importer(2089858483,b0f066a214c2f5e87bad3c948f4d605d) (ScriptedImporter) -> (artifact id: '8a9c6a8942b2a280a80e29e4608daded') in 0.040724 seconds
Number of updated asset objects reloaded before import = 0Number of asset objects unloaded after import = 4

========================================================================
Received Import Request.
  Time since last request: 0.000053 seconds.
  path: Assets/BOKI/LowPolyNature/Models/tree_weeping_willow.fbx
  artifactKey: Guid(569acb77775fd1a4bb306ebdcd43d719) Importer(2089858483,b0f066a214c2f5e87bad3c948f4d605d)
Start importing Assets/BOKI/LowPolyNature/Models/tree_weeping_willow.fbx using Guid(569acb77775fd1a4bb306ebdcd43d719) Importer(2089858483,b0f066a214c2f5e87bad3c948f4d605d) (ScriptedImporter) -> (artifact id: '412088371baa9d8984ff1b36a65eafc0') in 0.0123174 seconds
Number of updated asset objects reloaded before import = 0Number of asset objects unloaded after import = 9

========================================================================
Received Import Request.
  Time since last request: 0.000025 seconds.
  path: Assets/Scenes/Cinematic.unity
  artifactKey: Guid(96429befcc17dd24ea82038a6c7c6e88) Importer(2089858483,b0f066a214c2f5e87bad3c948f4d605d)
Start importing Assets/Scenes/Cinematic.unity using Guid(96429befcc17dd24ea82038a6c7c6e88) Importer(2089858483,b0f066a214c2f5e87bad3c948f4d605d) (ScriptedImporter) -> (artifact id: '453450f15589b5ccd3bd34a8229346ac') in 0.0065998 seconds
Number of updated asset objects reloaded before import = 0Number of asset objects unloaded after import = 1

========================================================================
Received Import Request.
  Time since last request: 0.000016 seconds.
  path: Assets/BrokenVector/LowPolyRoadPack/Models/Freeway Straight 2.dae
  artifactKey: Guid(6421912752fc45944a04fb09aae2e8a6) Importer(2089858483,b0f066a214c2f5e87bad3c948f4d605d)
Start importing Assets/BrokenVector/LowPolyRoadPack/Models/Freeway Straight 2.dae using Guid(6421912752fc45944a04fb09aae2e8a6) Importer(2089858483,b0f066a214c2f5e87bad3c948f4d605d) (ScriptedImporter) -> (artifact id: '440306171c986d340d66668fcf5a0244') in 0.0126808 seconds
Number of updated asset objects reloaded before import = 0Number of asset objects unloaded after import = 8

========================================================================
Received Import Request.
  Time since last request: 0.000017 seconds.
  path: Assets/New Terrain 1.asset
  artifactKey: Guid(64035ad00b5fc9e459bc60b652d72fae) Importer(2089858483,b0f066a214c2f5e87bad3c948f4d605d)
Start importing Assets/New Terrain 1.asset using Guid(64035ad00b5fc9e459bc60b652d72fae) Importer(2089858483,b0f066a214c2f5e87bad3c948f4d605d) (ScriptedImporter)The tree tree_normal must use the Nature/Soft Occlusion shader. Otherwise billboarding/lighting will not work correctly.
UnityEngine.Debug:ExtractStackTraceNoAlloc (byte*,int,string)
UnityEngine.StackTraceUtility:ExtractStackTrace ()
UnityEditor.AssetDatabase:LoadMainAssetAtPath (string)
UnityEditor.Search.AssetIndexer:IndexProperties (int&,string&,bool&)
UnityEditor.Search.AssetIndexer:IndexDocument (string,bool)
UnityEditor.Search.SearchIndexArtifactImporter:OnImportAsset (UnityEditor.AssetImporters.AssetImportContext)
UnityEditor.AssetImporters.ScriptedImporter:GenerateAssetData (UnityEditor.AssetImporters.AssetImportContext)

[C:\build\output\unity\unity\Modules\Terrain\Public\TreeDatabase.cpp line 355]

The tree tree_birch_yellow must use the Nature/Soft Occlusion shader. Otherwise billboarding/lighting will not work correctly.
UnityEngine.Debug:ExtractStackTraceNoAlloc (byte*,int,string)
UnityEngine.StackTraceUtility:ExtractStackTrace ()
UnityEditor.AssetDatabase:LoadMainAssetAtPath (string)
UnityEditor.Search.AssetIndexer:IndexProperties (int&,string&,bool&)
UnityEditor.Search.AssetIndexer:IndexDocument (string,bool)
UnityEditor.Search.SearchIndexArtifactImporter:OnImportAsset (UnityEditor.AssetImporters.AssetImportContext)
UnityEditor.AssetImporters.ScriptedImporter:GenerateAssetData (UnityEditor.AssetImporters.AssetImportContext)

[C:\build\output\unity\unity\Modules\Terrain\Public\TreeDatabase.cpp line 355]

 -> (artifact id: 'dc6a9dfa4f4cf341d488859f22f23a06') in 0.1340661 seconds
Number of updated asset objects reloaded before import = 0Number of asset objects unloaded after import = 35

========================================================================
Received Import Request.
  Time since last request: 0.000028 seconds.
  path: Assets/BrokenVector/LowPolyRoadPack/Prefabs/Freeway Lift Highway.prefab
  artifactKey: Guid(401d27194e0344948b125cf0483f7637) Importer(2089858483,b0f066a214c2f5e87bad3c948f4d605d)
Start importing Assets/BrokenVector/LowPolyRoadPack/Prefabs/Freeway Lift Highway.prefab using Guid(401d27194e0344948b125cf0483f7637) Importer(2089858483,b0f066a214c2f5e87bad3c948f4d605d) (ScriptedImporter) -> (artifact id: '0bdf626b4da33593cd8e86dade534ad5') in 0.0115867 seconds
Number of updated asset objects reloaded before import = 0Number of asset objects unloaded after import = 10

========================================================================
Received Import Request.
  Time since last request: 0.000033 seconds.
  path: Assets/BOKI/LowPolyNature/Materials/Ground/Ground_Sand_Material.mat
  artifactKey: Guid(6c546db323862a04eb300dd9815b7443) Importer(2089858483,b0f066a214c2f5e87bad3c948f4d605d)
Start importing Assets/BOKI/LowPolyNature/Materials/Ground/Ground_Sand_Material.mat using Guid(6c546db323862a04eb300dd9815b7443) Importer(2089858483,b0f066a214c2f5e87bad3c948f4d605d) (ScriptedImporter) -> (artifact id: '406b5dba0e63d7bff2aa7c0abda3c338') in 0.0356186 seconds
Number of updated asset objects reloaded before import = 0Number of asset objects unloaded after import = 4

========================================================================
Received Import Request.
  Time since last request: 0.000021 seconds.
  path: Assets/BrokenVector/LowPolyRoadPack/Models/Parkinglot Edge 3.dae
  artifactKey: Guid(6b8e147014e34144f90043861e0abe99) Importer(2089858483,b0f066a214c2f5e87bad3c948f4d605d)
Start importing Assets/BrokenVector/LowPolyRoadPack/Models/Parkinglot Edge 3.dae using Guid(6b8e147014e34144f90043861e0abe99) Importer(2089858483,b0f066a214c2f5e87bad3c948f4d605d) (ScriptedImporter) -> (artifact id: 'ea075d30f65fdb1ac2a315c3bf0275b6') in 0.0105987 seconds
Number of updated asset objects reloaded before import = 0Number of asset objects unloaded after import = 8

========================================================================
Received Import Request.
  Time since last request: 0.000016 seconds.
  path: Assets/BrokenVector/LowPolyRoadPack/Prefabs/Freeway Straight 1.prefab
  artifactKey: Guid(ad182cc030f80d2418924040efeaaedb) Importer(2089858483,b0f066a214c2f5e87bad3c948f4d605d)
Start importing Assets/BrokenVector/LowPolyRoadPack/Prefabs/Freeway Straight 1.prefab using Guid(ad182cc030f80d2418924040efeaaedb) Importer(2089858483,b0f066a214c2f5e87bad3c948f4d605d) (ScriptedImporter) -> (artifact id: 'cec40e770bee5d232f290d589a8cefa4') in 0.0093008 seconds
Number of updated asset objects reloaded before import = 0Number of asset objects unloaded after import = 9

========================================================================
Received Import Request.
  Time since last request: 0.000091 seconds.
  path: Assets/BrokenVector/LowPolyRoadPack/Textures/Road Colorscheme.png
  artifactKey: Guid(ee1b8ae61c20d994aa45384f1afaaaed) Importer(2089858483,b0f066a214c2f5e87bad3c948f4d605d)
Start importing Assets/BrokenVector/LowPolyRoadPack/Textures/Road Colorscheme.png using Guid(ee1b8ae61c20d994aa45384f1afaaaed) Importer(2089858483,b0f066a214c2f5e87bad3c948f4d605d) (ScriptedImporter) -> (artifact id: '3baa9cd51bb2a6d56ef2d9cd6c9ad25c') in 0.0109451 seconds
Number of updated asset objects reloaded before import = 0Number of asset objects unloaded after import = 1

========================================================================
Received Import Request.
  Time since last request: 0.000027 seconds.
  path: Assets/BrokenVector/LowPolyRoadPack/Prefabs/Freeway Cross Road.prefab
  artifactKey: Guid(7ff5db574d5d2df479ee7bae7f713787) Importer(2089858483,b0f066a214c2f5e87bad3c948f4d605d)
Start importing Assets/BrokenVector/LowPolyRoadPack/Prefabs/Freeway Cross Road.prefab using Guid(7ff5db574d5d2df479ee7bae7f713787) Importer(2089858483,b0f066a214c2f5e87bad3c948f4d605d) (ScriptedImporter) -> (artifact id: 'd177ad7910a3714790a2acc60a30ecfa') in 0.0087661 seconds
Number of updated asset objects reloaded before import = 0Number of asset objects unloaded after import = 9

========================================================================
Received Import Request.
  Time since last request: 0.000020 seconds.
  path: Assets/BrokenVector/LowPolyRoadPack/Models
  artifactKey: Guid(f3312f4dcef561c4c8f1651abc38bd15) Importer(2089858483,b0f066a214c2f5e87bad3c948f4d605d)
Start importing Assets/BrokenVector/LowPolyRoadPack/Models using Guid(f3312f4dcef561c4c8f1651abc38bd15) Importer(2089858483,b0f066a214c2f5e87bad3c948f4d605d) (ScriptedImporter) -> (artifact id: 'f29f35c93d8154802340a19a2f51b7c1') in 0.004065 seconds
Number of updated asset objects reloaded before import = 0Number of asset objects unloaded after import = 1

========================================================================
Received Import Request.
  Time since last request: 0.000018 seconds.
  path: Assets/BrokenVector/LowPolyRoadPack/Prefabs/Freeway Join Freeway 1.prefab
  artifactKey: Guid(0956ca3f790e2b44eabfe04ddcb999f7) Importer(2089858483,b0f066a214c2f5e87bad3c948f4d605d)
Start importing Assets/BrokenVector/LowPolyRoadPack/Prefabs/Freeway Join Freeway 1.prefab using Guid(0956ca3f790e2b44eabfe04ddcb999f7) Importer(2089858483,b0f066a214c2f5e87bad3c948f4d605d) (ScriptedImporter) -> (artifact id: '174e6f3602300335e975bdf53ae90f57') in 0.009759 seconds
Number of updated asset objects reloaded before import = 0Number of asset objects unloaded after import = 10

========================================================================
Received Import Request.
  Time since last request: 0.000019 seconds.
  path: Assets/BrokenVector/LowPolyRoadPack/Models/SingleLane Join SingleLane.dae
  artifactKey: Guid(d4b7f9095e4b9734cab4e187c97ba1a6) Importer(2089858483,b0f066a214c2f5e87bad3c948f4d605d)
Start importing Assets/BrokenVector/LowPolyRoadPack/Models/SingleLane Join SingleLane.dae using Guid(d4b7f9095e4b9734cab4e187c97ba1a6) Importer(2089858483,b0f066a214c2f5e87bad3c948f4d605d) (ScriptedImporter) -> (artifact id: 'f7ca197862472ba79284476033db3637') in 0.0098277 seconds
Number of updated asset objects reloaded before import = 0Number of asset objects unloaded after import = 8

========================================================================
Received Import Request.
  Time since last request: 0.000023 seconds.
  path: Assets/BOKI/LowPolyNature/Prefabs/models/tree_weeping_willow.prefab
  artifactKey: Guid(0e183e0b8892f4746b5bca14f433fbdf) Importer(2089858483,b0f066a214c2f5e87bad3c948f4d605d)
Start importing Assets/BOKI/LowPolyNature/Prefabs/models/tree_weeping_willow.prefab using Guid(0e183e0b8892f4746b5bca14f433fbdf) Importer(2089858483,b0f066a214c2f5e87bad3c948f4d605d) (ScriptedImporter) -> (artifact id: '1f2d3df3d2d443e287560720f4a6fcbe') in 0.0111074 seconds
Number of updated asset objects reloaded before import = 0Number of asset objects unloaded after import = 10

========================================================================
Received Import Request.
  Time since last request: 0.000025 seconds.
  path: Assets/BrokenVector/LowPolyRoadPack/Prefabs/Highway Join Highway 2.prefab
  artifactKey: Guid(51c576822a7a42345b47955233d25adb) Importer(2089858483,b0f066a214c2f5e87bad3c948f4d605d)
Start importing Assets/BrokenVector/LowPolyRoadPack/Prefabs/Highway Join Highway 2.prefab using Guid(51c576822a7a42345b47955233d25adb) Importer(2089858483,b0f066a214c2f5e87bad3c948f4d605d) (ScriptedImporter) -> (artifact id: '7978d70d24c521459e84ee5c5dae0270') in 0.0101396 seconds
Number of updated asset objects reloaded before import = 0Number of asset objects unloaded after import = 10

========================================================================
Received Import Request.
  Time since last request: 0.000018 seconds.
  path: Assets/BrokenVector/LowPolyRoadPack/Models/Tunnel Entrance 1.dae
  artifactKey: Guid(0b3034fd1a5bb254d8e081e8634d075f) Importer(2089858483,b0f066a214c2f5e87bad3c948f4d605d)
Start importing Assets/BrokenVector/LowPolyRoadPack/Models/Tunnel Entrance 1.dae using Guid(0b3034fd1a5bb254d8e081e8634d075f) Importer(2089858483,b0f066a214c2f5e87bad3c948f4d605d) (ScriptedImporter) -> (artifact id: '7411a034f8fe83d316840e10b0b90bbd') in 0.009386 seconds
Number of updated asset objects reloaded before import = 0Number of asset objects unloaded after import = 8

========================================================================
Received Import Request.
  Time since last request: 0.000017 seconds.
  path: Assets/BrokenVector/LowPolyRoadPack/Prefabs/SingleLane Cross SingleLane.prefab
  artifactKey: Guid(4ad77816d1959bd49a799a1fdeb67987) Importer(2089858483,b0f066a214c2f5e87bad3c948f4d605d)
Start importing Assets/BrokenVector/LowPolyRoadPack/Prefabs/SingleLane Cross SingleLane.prefab using Guid(4ad77816d1959bd49a799a1fdeb67987) Importer(2089858483,b0f066a214c2f5e87bad3c948f4d605d) (ScriptedImporter) -> (artifact id: 'cd209066e21d2e2af826651b5395bc82') in 0.0083847 seconds
Number of updated asset objects reloaded before import = 0Number of asset objects unloaded after import = 9

========================================================================
Received Import Request.
  Time since last request: 0.000018 seconds.
  path: Assets/BrokenVector/LowPolyRoadPack/Prefabs/Road Straight 3.prefab
  artifactKey: Guid(43678520060fa5e42add8825ab61da06) Importer(2089858483,b0f066a214c2f5e87bad3c948f4d605d)
Start importing Assets/BrokenVector/LowPolyRoadPack/Prefabs/Road Straight 3.prefab using Guid(43678520060fa5e42add8825ab61da06) Importer(2089858483,b0f066a214c2f5e87bad3c948f4d605d) (ScriptedImporter) -> (artifact id: '1b1e23ba82b4229b8bd897bd3e6df5fe') in 0.0101212 seconds
Number of updated asset objects reloaded before import = 0Number of asset objects unloaded after import = 9

========================================================================
Received Import Request.
  Time since last request: 0.000022 seconds.
  path: Assets/BrokenVector/LowPolyRoadPack/Models/Highway Bridge 2.dae
  artifactKey: Guid(306a3142baf3c0f48acf183ab9a53a05) Importer(2089858483,b0f066a214c2f5e87bad3c948f4d605d)
Start importing Assets/BrokenVector/LowPolyRoadPack/Models/Highway Bridge 2.dae using Guid(306a3142baf3c0f48acf183ab9a53a05) Importer(2089858483,b0f066a214c2f5e87bad3c948f4d605d) (ScriptedImporter) -> (artifact id: 'f6d4755c5d9a7d703de39442a1a7899b') in 0.0128185 seconds
Number of updated asset objects reloaded before import = 0Number of asset objects unloaded after import = 8

========================================================================
Received Import Request.
  Time since last request: 0.000032 seconds.
  path: Assets/BrokenVector/LowPolyRoadPack/Models/Freeway Cross Road.dae
  artifactKey: Guid(55ffdfe2a9a2b114ab2e38301ab3c96a) Importer(2089858483,b0f066a214c2f5e87bad3c948f4d605d)
Start importing Assets/BrokenVector/LowPolyRoadPack/Models/Freeway Cross Road.dae using Guid(55ffdfe2a9a2b114ab2e38301ab3c96a) Importer(2089858483,b0f066a214c2f5e87bad3c948f4d605d) (ScriptedImporter) -> (artifact id: '83061cbccce370fc2a7d6c494ae4446d') in 0.0106498 seconds
Number of updated asset objects reloaded before import = 0Number of asset objects unloaded after import = 8

========================================================================
Received Import Request.
  Time since last request: 0.000023 seconds.
  path: Assets/BrokenVector/LowPolyRoadPack/Prefabs/Freeway Join Freeway 2.prefab
  artifactKey: Guid(409109bbaa58cf340b5fea204e6aac85) Importer(2089858483,b0f066a214c2f5e87bad3c948f4d605d)
Start importing Assets/BrokenVector/LowPolyRoadPack/Prefabs/Freeway Join Freeway 2.prefab using Guid(409109bbaa58cf340b5fea204e6aac85) Importer(2089858483,b0f066a214c2f5e87bad3c948f4d605d) (ScriptedImporter) -> (artifact id: 'ba051fb848f6d0197f35e28dae8a9e4c') in 0.0113804 seconds
Number of updated asset objects reloaded before import = 0Number of asset objects unloaded after import = 10

========================================================================
Received Import Request.
  Time since last request: 0.000019 seconds.
  path: Assets/BrokenVector/LowPolyRoadPack/Models/Highway Join Road.dae
  artifactKey: Guid(0c21f7d1828800d44a5452b9bca476f4) Importer(2089858483,b0f066a214c2f5e87bad3c948f4d605d)
Start importing Assets/BrokenVector/LowPolyRoadPack/Models/Highway Join Road.dae using Guid(0c21f7d1828800d44a5452b9bca476f4) Importer(2089858483,b0f066a214c2f5e87bad3c948f4d605d) (ScriptedImporter) -> (artifact id: 'a199f193277df8f5f016b4bf5d20691a') in 0.0103988 seconds
Number of updated asset objects reloaded before import = 0Number of asset objects unloaded after import = 8

========================================================================
Received Import Request.
  Time since last request: 0.000016 seconds.
  path: Assets/BrokenVector/LowPolyRoadPack/Demo/Landscape/Houses.002.dae
  artifactKey: Guid(e9374469e886d8649b6b92c468834057) Importer(2089858483,b0f066a214c2f5e87bad3c948f4d605d)
Start importing Assets/BrokenVector/LowPolyRoadPack/Demo/Landscape/Houses.002.dae using Guid(e9374469e886d8649b6b92c468834057) Importer(2089858483,b0f066a214c2f5e87bad3c948f4d605d) (ScriptedImporter) -> (artifact id: '5cf2f7a476a21e81194df22e9c7227db') in 0.0102331 seconds
Number of updated asset objects reloaded before import = 0Number of asset objects unloaded after import = 9

========================================================================
Received Import Request.
  Time since last request: 0.000023 seconds.
  path: Assets/BrokenVector/LowPolyRoadPack/Prefabs/Freeway Cross Freeway.prefab
  artifactKey: Guid(67b75b5f8253ef64c9aaab70b17ec06e) Importer(2089858483,b0f066a214c2f5e87bad3c948f4d605d)
Start importing Assets/BrokenVector/LowPolyRoadPack/Prefabs/Freeway Cross Freeway.prefab using Guid(67b75b5f8253ef64c9aaab70b17ec06e) Importer(2089858483,b0f066a214c2f5e87bad3c948f4d605d) (ScriptedImporter) -> (artifact id: '3a82b14d6c6020b8984aaab275df9655') in 0.0084357 seconds
Number of updated asset objects reloaded before import = 0Number of asset objects unloaded after import = 9

========================================================================
Received Import Request.
  Time since last request: 0.000033 seconds.
  path: Assets/BrokenVector/LowPolyRoadPack/Prefabs/Road Cross SIngleLane.prefab
  artifactKey: Guid(7037b12e33ea2dc4a98a52fc649b62f2) Importer(2089858483,b0f066a214c2f5e87bad3c948f4d605d)
Start importing Assets/BrokenVector/LowPolyRoadPack/Prefabs/Road Cross SIngleLane.prefab using Guid(7037b12e33ea2dc4a98a52fc649b62f2) Importer(2089858483,b0f066a214c2f5e87bad3c948f4d605d) (ScriptedImporter) -> (artifact id: '6fe526cedb35e95e8e49e7855ced387e') in 0.010094 seconds
Number of updated asset objects reloaded before import = 0Number of asset objects unloaded after import = 9

========================================================================
Received Import Request.
  Time since last request: 0.000022 seconds.
  path: Assets/BrokenVector/LowPolyRoadPack/Demo/Materials/Grass.mat
  artifactKey: Guid(d069dd4398675764291f9c82e7286e14) Importer(2089858483,b0f066a214c2f5e87bad3c948f4d605d)
Start importing Assets/BrokenVector/LowPolyRoadPack/Demo/Materials/Grass.mat using Guid(d069dd4398675764291f9c82e7286e14) Importer(2089858483,b0f066a214c2f5e87bad3c948f4d605d) (ScriptedImporter) -> (artifact id: 'a248ca266cd1ce8a2cc272f6ceb8f01a') in 0.0078705 seconds
Number of updated asset objects reloaded before import = 0Number of asset objects unloaded after import = 1

========================================================================
Received Import Request.
  Time since last request: 0.000017 seconds.
  path: Assets/BrokenVector/LowPolyRoadPack/Prefabs/Road Straight 2.prefab
  artifactKey: Guid(b902c7d22d14fa843846ba35e963190b) Importer(2089858483,b0f066a214c2f5e87bad3c948f4d605d)
Start importing Assets/BrokenVector/LowPolyRoadPack/Prefabs/Road Straight 2.prefab using Guid(b902c7d22d14fa843846ba35e963190b) Importer(2089858483,b0f066a214c2f5e87bad3c948f4d605d) (ScriptedImporter) -> (artifact id: '499b1cafdd18623a6dfcb6ec7fe7ff99') in 0.0076813 seconds
Number of updated asset objects reloaded before import = 0Number of asset objects unloaded after import = 9

========================================================================
Received Import Request.
  Time since last request: 0.000016 seconds.
  path: Assets/BrokenVector/LowPolyRoadPack/Models/Tunnel Curve.dae
  artifactKey: Guid(e8591f65a7fdd114bba6dd41852de0a5) Importer(2089858483,b0f066a214c2f5e87bad3c948f4d605d)
Start importing Assets/BrokenVector/LowPolyRoadPack/Models/Tunnel Curve.dae using Guid(e8591f65a7fdd114bba6dd41852de0a5) Importer(2089858483,b0f066a214c2f5e87bad3c948f4d605d) (ScriptedImporter) -> (artifact id: 'fe2ef0cdf3a65a5489878d1b20c41cc5') in 0.0088171 seconds
Number of updated asset objects reloaded before import = 0Number of asset objects unloaded after import = 8

========================================================================
Received Import Request.
  Time since last request: 0.000021 seconds.
  path: Assets/BrokenVector/LowPolyRoadPack/Models/Road Straight 2.dae
  artifactKey: Guid(23337dac036abd34499f9f5131a19858) Importer(2089858483,b0f066a214c2f5e87bad3c948f4d605d)
Start importing Assets/BrokenVector/LowPolyRoadPack/Models/Road Straight 2.dae using Guid(23337dac036abd34499f9f5131a19858) Importer(2089858483,b0f066a214c2f5e87bad3c948f4d605d) (ScriptedImporter) -> (artifact id: 'a7c38f520d7a3880a8e48022526606f2') in 0.0106005 seconds
Number of updated asset objects reloaded before import = 0Number of asset objects unloaded after import = 8

========================================================================
Received Import Request.
  Time since last request: 0.000025 seconds.
  path: Assets/BrokenVector/LowPolyRoadPack/Materials/Road.mat
  artifactKey: Guid(9cbdac3088fceec40bde6d0619e2ebda) Importer(2089858483,b0f066a214c2f5e87bad3c948f4d605d)
Start importing Assets/BrokenVector/LowPolyRoadPack/Materials/Road.mat using Guid(9cbdac3088fceec40bde6d0619e2ebda) Importer(2089858483,b0f066a214c2f5e87bad3c948f4d605d) (ScriptedImporter) -> (artifact id: '6430eb97d14bbde3c380f35ff12198ae') in 0.0057466 seconds
Number of updated asset objects reloaded before import = 0Number of asset objects unloaded after import = 2

========================================================================
Received Import Request.
  Time since last request: 0.000033 seconds.
  path: Assets/BrokenVector/LowPolyRoadPack/Demo/Landscape/Houses.005.dae
  artifactKey: Guid(9cc9d043ba5c64744aef14901c30eaca) Importer(2089858483,b0f066a214c2f5e87bad3c948f4d605d)
Start importing Assets/BrokenVector/LowPolyRoadPack/Demo/Landscape/Houses.005.dae using Guid(9cc9d043ba5c64744aef14901c30eaca) Importer(2089858483,b0f066a214c2f5e87bad3c948f4d605d) (ScriptedImporter) -> (artifact id: 'd54793bfa6d79bad48c47fdd3d6fbd23') in 0.0109961 seconds
Number of updated asset objects reloaded before import = 0Number of asset objects unloaded after import = 9

========================================================================
Received Import Request.
  Time since last request: 0.000015 seconds.
  path: Assets/BrokenVector/LowPolyRoadPack/Demo/Landscape/Houses.008.dae
  artifactKey: Guid(2296d07369e67c646b2d0d7f242d8449) Importer(2089858483,b0f066a214c2f5e87bad3c948f4d605d)
Start importing Assets/BrokenVector/LowPolyRoadPack/Demo/Landscape/Houses.008.dae using Guid(2296d07369e67c646b2d0d7f242d8449) Importer(2089858483,b0f066a214c2f5e87bad3c948f4d605d) (ScriptedImporter) -> (artifact id: 'd7188c419f5228802cbbf4ece1e619cc') in 0.0100344 seconds
Number of updated asset objects reloaded before import = 0Number of asset objects unloaded after import = 9

========================================================================
Received Import Request.
  Time since last request: 0.000015 seconds.
  path: Assets/BrokenVector/LowPolyRoadPack/Demo
  artifactKey: Guid(2469141f37ffafb4784fc96766e97a58) Importer(2089858483,b0f066a214c2f5e87bad3c948f4d605d)
Start importing Assets/BrokenVector/LowPolyRoadPack/Demo using Guid(2469141f37ffafb4784fc96766e97a58) Importer(2089858483,b0f066a214c2f5e87bad3c948f4d605d) (ScriptedImporter) -> (artifact id: '2213c8fb2da1dff041e0a4381c64ea66') in 0.003415 seconds
Number of updated asset objects reloaded before import = 0Number of asset objects unloaded after import = 1

========================================================================
Received Import Request.
  Time since last request: 0.000018 seconds.
  path: Assets/BrokenVector/LowPolyRoadPack/Models/Parkinglot Center 2.dae
  artifactKey: Guid(76b865b0d72af07469dfd0128ca936bd) Importer(2089858483,b0f066a214c2f5e87bad3c948f4d605d)
Start importing Assets/BrokenVector/LowPolyRoadPack/Models/Parkinglot Center 2.dae using Guid(76b865b0d72af07469dfd0128ca936bd) Importer(2089858483,b0f066a214c2f5e87bad3c948f4d605d) (ScriptedImporter) -> (artifact id: '09b9b341c64e9761e99403e4a7be54ed') in 0.0101583 seconds
Number of updated asset objects reloaded before import = 0Number of asset objects unloaded after import = 8

========================================================================
Received Import Request.
  Time since last request: 0.000036 seconds.
  path: Assets/BrokenVector/LowPolyRoadPack/Demo/Landscape/Mountain.dae
  artifactKey: Guid(f494957cbd9ff2b498af112b5c3ea4d8) Importer(2089858483,b0f066a214c2f5e87bad3c948f4d605d)
Start importing Assets/BrokenVector/LowPolyRoadPack/Demo/Landscape/Mountain.dae using Guid(f494957cbd9ff2b498af112b5c3ea4d8) Importer(2089858483,b0f066a214c2f5e87bad3c948f4d605d) (ScriptedImporter) -> (artifact id: 'c2a41351980d4a639e89a72343eeda2c') in 0.0110223 seconds
Number of updated asset objects reloaded before import = 0Number of asset objects unloaded after import = 8

========================================================================
Received Import Request.
  Time since last request: 0.000021 seconds.
  path: Assets/BrokenVector/LowPolyRoadPack/Prefabs/Road Curve.prefab
  artifactKey: Guid(834e3b05077e0b445961489bb25da1c7) Importer(2089858483,b0f066a214c2f5e87bad3c948f4d605d)
Start importing Assets/BrokenVector/LowPolyRoadPack/Prefabs/Road Curve.prefab using Guid(834e3b05077e0b445961489bb25da1c7) Importer(2089858483,b0f066a214c2f5e87bad3c948f4d605d) (ScriptedImporter) -> (artifact id: 'e18683b2aa9d36e53f009b845c3c8bbf') in 0.0082028 seconds
Number of updated asset objects reloaded before import = 0Number of asset objects unloaded after import = 9

========================================================================
Received Import Request.
  Time since last request: 0.000016 seconds.
  path: Assets/BrokenVector/LowPolyRoadPack/Demo/Landscape/Houses.003.dae
  artifactKey: Guid(b2458df65032dda41b5421b69f657d9a) Importer(2089858483,b0f066a214c2f5e87bad3c948f4d605d)
Start importing Assets/BrokenVector/LowPolyRoadPack/Demo/Landscape/Houses.003.dae using Guid(b2458df65032dda41b5421b69f657d9a) Importer(2089858483,b0f066a214c2f5e87bad3c948f4d605d) (ScriptedImporter) -> (artifact id: '841f3ba477a7d63b9088a2ef44830160') in 0.00975 seconds
Number of updated asset objects reloaded before import = 0Number of asset objects unloaded after import = 9

========================================================================
Received Import Request.
  Time since last request: 0.000016 seconds.
  path: Assets/BrokenVector/LowPolyRoadPack/Models/Tunnel Straight 1.dae
  artifactKey: Guid(9ebbcf9ad75b23c4b8f2a497607627bb) Importer(2089858483,b0f066a214c2f5e87bad3c948f4d605d)
Start importing Assets/BrokenVector/LowPolyRoadPack/Models/Tunnel Straight 1.dae using Guid(9ebbcf9ad75b23c4b8f2a497607627bb) Importer(2089858483,b0f066a214c2f5e87bad3c948f4d605d) (ScriptedImporter) -> (artifact id: 'c55a580dc23501b29f392d123b9ca261') in 0.0097876 seconds
Number of updated asset objects reloaded before import = 0Number of asset objects unloaded after import = 8

========================================================================
Received Import Request.
  Time since last request: 0.000019 seconds.
  path: Assets/BrokenVector/LowPolyRoadPack/Demo/Textures/Colorscheme World.png
  artifactKey: Guid(c975dc85e64790c40b2561cb2c3ba471) Importer(2089858483,b0f066a214c2f5e87bad3c948f4d605d)
Start importing Assets/BrokenVector/LowPolyRoadPack/Demo/Textures/Colorscheme World.png using Guid(c975dc85e64790c40b2561cb2c3ba471) Importer(2089858483,b0f066a214c2f5e87bad3c948f4d605d) (ScriptedImporter) -> (artifact id: '244899924c37bbfd41177f37105ae0f6') in 0.0089962 seconds
Number of updated asset objects reloaded before import = 0Number of asset objects unloaded after import = 1

========================================================================
Received Import Request.
  Time since last request: 0.000043 seconds.
  path: Assets/BrokenVector/LowPolyRoadPack/Models/Freeway Straight 1.dae
  artifactKey: Guid(d515ab1e7b3b8254b942625c58c86f91) Importer(2089858483,b0f066a214c2f5e87bad3c948f4d605d)
Start importing Assets/BrokenVector/LowPolyRoadPack/Models/Freeway Straight 1.dae using Guid(d515ab1e7b3b8254b942625c58c86f91) Importer(2089858483,b0f066a214c2f5e87bad3c948f4d605d) (ScriptedImporter) -> (artifact id: '3ba7833c78993aeff7cf59102290f1bc') in 0.009162 seconds
Number of updated asset objects reloaded before import = 0Number of asset objects unloaded after import = 8

========================================================================
Received Import Request.
  Time since last request: 0.000016 seconds.
  path: Assets/BrokenVector/LowPolyRoadPack/Materials/Car Colorscheme 2.mat
  artifactKey: Guid(1968bf9d74d362c408b28c15132baaaa) Importer(2089858483,b0f066a214c2f5e87bad3c948f4d605d)
Start importing Assets/BrokenVector/LowPolyRoadPack/Materials/Car Colorscheme 2.mat using Guid(1968bf9d74d362c408b28c15132baaaa) Importer(2089858483,b0f066a214c2f5e87bad3c948f4d605d) (ScriptedImporter) -> (artifact id: '9b280d2f78d36641d91171cb1c6139c6') in 0.005723 seconds
Number of updated asset objects reloaded before import = 0Number of asset objects unloaded after import = 2

========================================================================
Received Import Request.
  Time since last request: 0.000015 seconds.
  path: Assets/BrokenVector/LowPolyRoadPack/Models/Parkinglot Edge 2.dae
  artifactKey: Guid(f05a64e3c823b5247ad0f4f8f37f52f1) Importer(2089858483,b0f066a214c2f5e87bad3c948f4d605d)
Start importing Assets/BrokenVector/LowPolyRoadPack/Models/Parkinglot Edge 2.dae using Guid(f05a64e3c823b5247ad0f4f8f37f52f1) Importer(2089858483,b0f066a214c2f5e87bad3c948f4d605d) (ScriptedImporter) -> (artifact id: '7191e2700ae0c65ff79ebcac21bcea59') in 0.0073698 seconds
Number of updated asset objects reloaded before import = 0Number of asset objects unloaded after import = 8

========================================================================
Received Import Request.
  Time since last request: 0.000019 seconds.
  path: Assets/BrokenVector/LowPolyRoadPack/Prefabs/Car 1.prefab
  artifactKey: Guid(9c91ecea7f7dce04facaeb11c977e102) Importer(2089858483,b0f066a214c2f5e87bad3c948f4d605d)
Start importing Assets/BrokenVector/LowPolyRoadPack/Prefabs/Car 1.prefab using Guid(9c91ecea7f7dce04facaeb11c977e102) Importer(2089858483,b0f066a214c2f5e87bad3c948f4d605d) (ScriptedImporter) -> (artifact id: 'c51637f3a5ff391b1591807520dfcdfe') in 0.0051439 seconds
Number of updated asset objects reloaded before import = 0Number of asset objects unloaded after import = 34

========================================================================
Received Import Request.
  Time since last request: 0.000020 seconds.
  path: Assets/BrokenVector/LowPolyRoadPack/Materials/Car Colorscheme 1.mat
  artifactKey: Guid(3889c423b8feed645aeba90d0e940408) Importer(2089858483,b0f066a214c2f5e87bad3c948f4d605d)
Start importing Assets/BrokenVector/LowPolyRoadPack/Materials/Car Colorscheme 1.mat using Guid(3889c423b8feed645aeba90d0e940408) Importer(2089858483,b0f066a214c2f5e87bad3c948f4d605d) (ScriptedImporter) -> (artifact id: '54662d7ade4627f9320f17126c78222b') in 0.0049847 seconds
Number of updated asset objects reloaded before import = 0Number of asset objects unloaded after import = 2

========================================================================
Received Import Request.
  Time since last request: 0.000033 seconds.
  path: Assets/BrokenVector/LowPolyRoadPack/Prefabs/Highway Straight 2.prefab
  artifactKey: Guid(260ff3c3667b2bd4f82382b31d2ef823) Importer(2089858483,b0f066a214c2f5e87bad3c948f4d605d)
Start importing Assets/BrokenVector/LowPolyRoadPack/Prefabs/Highway Straight 2.prefab using Guid(260ff3c3667b2bd4f82382b31d2ef823) Importer(2089858483,b0f066a214c2f5e87bad3c948f4d605d) (ScriptedImporter) -> (artifact id: '3697497efc6e0ba9ecacf2e39e403ba7') in 0.0108368 seconds
Number of updated asset objects reloaded before import = 0Number of asset objects unloaded after import = 10

========================================================================
Received Import Request.
  Time since last request: 0.000015 seconds.
  path: Assets/BOKI/LowPolyNature/Prefabs/models/tree_hero_yellow.prefab
  artifactKey: Guid(a67b5490b0f6bad4fb1af602f4254fbf) Importer(2089858483,b0f066a214c2f5e87bad3c948f4d605d)
Start importing Assets/BOKI/LowPolyNature/Prefabs/models/tree_hero_yellow.prefab using Guid(a67b5490b0f6bad4fb1af602f4254fbf) Importer(2089858483,b0f066a214c2f5e87bad3c948f4d605d) (ScriptedImporter) -> (artifact id: 'd2f350a588e57198ef586883d1f94cc0') in 0.008357 seconds
Number of updated asset objects reloaded before import = 0Number of asset objects unloaded after import = 10

========================================================================
Received Import Request.
  Time since last request: 0.000019 seconds.
  path: Assets/AllSkyFree/Overcast Low/Sky_AllSky_Overcast4_Low_Cam_3_Right-X.png
  artifactKey: Guid(0ccd1239645f54012a6ea72739d04982) Importer(2089858483,b0f066a214c2f5e87bad3c948f4d605d)
Start importing Assets/AllSkyFree/Overcast Low/Sky_AllSky_Overcast4_Low_Cam_3_Right-X.png using Guid(0ccd1239645f54012a6ea72739d04982) Importer(2089858483,b0f066a214c2f5e87bad3c948f4d605d) (ScriptedImporter) -> (artifact id: '5aa030811686ca2ac9299739677f9207') in 0.0120336 seconds
Number of updated asset objects reloaded before import = 0Number of asset objects unloaded after import = 1

========================================================================
Received Import Request.
  Time since last request: 0.000016 seconds.
  path: Assets/AllSkyFree/Deep Dusk/Deep Dusk.mat
  artifactKey: Guid(b4f152e0498484391a9f0d5a1facf03b) Importer(2089858483,b0f066a214c2f5e87bad3c948f4d605d)
Start importing Assets/AllSkyFree/Deep Dusk/Deep Dusk.mat using Guid(b4f152e0498484391a9f0d5a1facf03b) Importer(2089858483,b0f066a214c2f5e87bad3c948f4d605d) (ScriptedImporter) -> (artifact id: '459bad19c7c69eb34c2ed42fee2438b3') in 0.0334212 seconds
Number of updated asset objects reloaded before import = 0Number of asset objects unloaded after import = 7

========================================================================
Received Import Request.
  Time since last request: 0.000026 seconds.
  path: Assets/AllSkyFree/Space_AnotherPlanet/AllSky_Space_AnotherPlanet_Cam_2_Left+X.png
  artifactKey: Guid(40cd83628508d406497f3b21ff220644) Importer(2089858483,b0f066a214c2f5e87bad3c948f4d605d)
Start importing Assets/AllSkyFree/Space_AnotherPlanet/AllSky_Space_AnotherPlanet_Cam_2_Left+X.png using Guid(40cd83628508d406497f3b21ff220644) Importer(2089858483,b0f066a214c2f5e87bad3c948f4d605d) (ScriptedImporter) -> (artifact id: 'ac43324241c0b820a70a0c239606d38f') in 0.0123485 seconds
Number of updated asset objects reloaded before import = 0Number of asset objects unloaded after import = 1

========================================================================
Received Import Request.
  Time since last request: 0.000031 seconds.
  path: Assets/AllSkyFree/Cartoon Base BlueSky/Sky_Day_BlueSky_Nothing_Cam_0_Front+Z.png
  artifactKey: Guid(d731d71c2b8e94c18b5ef8be277e6773) Importer(2089858483,b0f066a214c2f5e87bad3c948f4d605d)
Start importing Assets/AllSkyFree/Cartoon Base BlueSky/Sky_Day_BlueSky_Nothing_Cam_0_Front+Z.png using Guid(d731d71c2b8e94c18b5ef8be277e6773) Importer(2089858483,b0f066a214c2f5e87bad3c948f4d605d) (ScriptedImporter) -> (artifact id: '3f9fa740e4e8c74046e030e6a8dbc14d') in 0.0098792 seconds
Number of updated asset objects reloaded before import = 0Number of asset objects unloaded after import = 1

========================================================================
Received Import Request.
  Time since last request: 0.000015 seconds.
  path: Assets/AllSkyFree/_AllSkyFreeDemoEnvironment/Materials/AllSkyDemoEnv_FlagGreen.mat
  artifactKey: Guid(0acfc71c325c54b92add0b07097b6c57) Importer(2089858483,b0f066a214c2f5e87bad3c948f4d605d)
Start importing Assets/AllSkyFree/_AllSkyFreeDemoEnvironment/Materials/AllSkyDemoEnv_FlagGreen.mat using Guid(0acfc71c325c54b92add0b07097b6c57) Importer(2089858483,b0f066a214c2f5e87bad3c948f4d605d) (ScriptedImporter) -> (artifact id: 'e3a62d038e1bd920b792f172635dbaf9') in 0.0069117 seconds
Number of updated asset objects reloaded before import = 0Number of asset objects unloaded after import = 1

========================================================================
Received Import Request.
  Time since last request: 0.000016 seconds.
  path: Assets/AllSkyFree/Cold Sunset
  artifactKey: Guid(e45cb2dd63729436e93f61f9933371db) Importer(2089858483,b0f066a214c2f5e87bad3c948f4d605d)
Start importing Assets/AllSkyFree/Cold Sunset using Guid(e45cb2dd63729436e93f61f9933371db) Importer(2089858483,b0f066a214c2f5e87bad3c948f4d605d) (ScriptedImporter) -> (artifact id: 'd5e9a8eb693e9c22e8683f4eb287c3a1') in 0.0046417 seconds
Number of updated asset objects reloaded before import = 0Number of asset objects unloaded after import = 1

========================================================================
Received Import Request.
  Time since last request: 0.000014 seconds.
  path: Assets/AllSkyFree/Cartoon Base BlueSky/Sky_Day_BlueSky_Nothing_Cam_4_Up+Y.png
  artifactKey: Guid(5cf2d5ca2357a4d4fb98ebc5b6034e72) Importer(2089858483,b0f066a214c2f5e87bad3c948f4d605d)
Start importing Assets/AllSkyFree/Cartoon Base BlueSky/Sky_Day_BlueSky_Nothing_Cam_4_Up+Y.png using Guid(5cf2d5ca2357a4d4fb98ebc5b6034e72) Importer(2089858483,b0f066a214c2f5e87bad3c948f4d605d) (ScriptedImporter) -> (artifact id: 'a974ad30ed233efc42976ba61d8b99da') in 0.0104436 seconds
Number of updated asset objects reloaded before import = 0Number of asset objects unloaded after import = 1

========================================================================
Received Import Request.
  Time since last request: 0.000019 seconds.
  path: Assets/AllSkyFree/Overcast Low/Sky_AllSky_Overcast4_Low_Cam_1_Back-Z.png
  artifactKey: Guid(4efb8fd75703d43cab6f01b240a7c945) Importer(2089858483,b0f066a214c2f5e87bad3c948f4d605d)
Start importing Assets/AllSkyFree/Overcast Low/Sky_AllSky_Overcast4_Low_Cam_1_Back-Z.png using Guid(4efb8fd75703d43cab6f01b240a7c945) Importer(2089858483,b0f066a214c2f5e87bad3c948f4d605d) (ScriptedImporter) -> (artifact id: '1afb7e90a220ab0e25858c8ba2a8ae61') in 0.012808 seconds
Number of updated asset objects reloaded before import = 0Number of asset objects unloaded after import = 1

========================================================================
Received Import Request.
  Time since last request: 0.000028 seconds.
  path: Assets/AllSkyFree/Deep Dusk/Deep DuskSettings.lighting
  artifactKey: Guid(689228fde573240fcb33862ad7a03930) Importer(2089858483,b0f066a214c2f5e87bad3c948f4d605d)
Start importing Assets/AllSkyFree/Deep Dusk/Deep DuskSettings.lighting using Guid(689228fde573240fcb33862ad7a03930) Importer(2089858483,b0f066a214c2f5e87bad3c948f4d605d) (ScriptedImporter) -> (artifact id: 'f22e09edb605a62b43f53c3f2f899393') in 0.0104783 seconds
Number of updated asset objects reloaded before import = 0Number of asset objects unloaded after import = 1

========================================================================
Received Import Request.
  Time since last request: 0.000018 seconds.
  path: Assets/AllSkyFree/Space_AnotherPlanet/AllSky_Space_AnotherPlanet_Cam_4_Up+Y.png
  artifactKey: Guid(a6e9f4ff100a94264a812ad74e17416c) Importer(2089858483,b0f066a214c2f5e87bad3c948f4d605d)
Start importing Assets/AllSkyFree/Space_AnotherPlanet/AllSky_Space_AnotherPlanet_Cam_4_Up+Y.png using Guid(a6e9f4ff100a94264a812ad74e17416c) Importer(2089858483,b0f066a214c2f5e87bad3c948f4d605d) (ScriptedImporter) -> (artifact id: 'a855383ff86a85294afaf56085cc24b9') in 0.0150537 seconds
Number of updated asset objects reloaded before import = 0Number of asset objects unloaded after import = 1

========================================================================
Received Import Request.
  Time since last request: 0.000016 seconds.
  path: Assets/AllSkyFree/Deep Dusk/Deep Dusk.unity
  artifactKey: Guid(c8a48d1a6bbea47e981602e288f19742) Importer(2089858483,b0f066a214c2f5e87bad3c948f4d605d)
Start importing Assets/AllSkyFree/Deep Dusk/Deep Dusk.unity using Guid(c8a48d1a6bbea47e981602e288f19742) Importer(2089858483,b0f066a214c2f5e87bad3c948f4d605d) (ScriptedImporter) -> (artifact id: 'ade36ab8358a809d46ed3d2243ec7e09') in 0.0045589 seconds
Number of updated asset objects reloaded before import = 0Number of asset objects unloaded after import = 1

========================================================================
Received Import Request.
  Time since last request: 0.000018 seconds.
  path: Assets/AllSkyFree/Deep Dusk/Deep Dusk__Cam_1_Back-Z.png
  artifactKey: Guid(5e2aba0844c5a4c2ca77ba49a1ea08d5) Importer(2089858483,b0f066a214c2f5e87bad3c948f4d605d)
Start importing Assets/AllSkyFree/Deep Dusk/Deep Dusk__Cam_1_Back-Z.png using Guid(5e2aba0844c5a4c2ca77ba49a1ea08d5) Importer(2089858483,b0f066a214c2f5e87bad3c948f4d605d) (ScriptedImporter) -> (artifact id: '27efb45b303c3e01c4868b52d1b2d000') in 0.0105494 seconds
Number of updated asset objects reloaded before import = 0Number of asset objects unloaded after import = 1

========================================================================
Received Import Request.
  Time since last request: 0.000027 seconds.
  path: Assets/AllSkyFree/_AllSkyFreeDemoEnvironment/Materials/AllSkyDemoEnv_Flag_Gold.mat
  artifactKey: Guid(01a7bc73373864398befa5c72ebb094c) Importer(2089858483,b0f066a214c2f5e87bad3c948f4d605d)
Start importing Assets/AllSkyFree/_AllSkyFreeDemoEnvironment/Materials/AllSkyDemoEnv_Flag_Gold.mat using Guid(01a7bc73373864398befa5c72ebb094c) Importer(2089858483,b0f066a214c2f5e87bad3c948f4d605d) (ScriptedImporter) -> (artifact id: '4cc40c53d868b58e3df108136d0d7ae8') in 0.0057626 seconds
Number of updated asset objects reloaded before import = 0Number of asset objects unloaded after import = 1

========================================================================
Received Import Request.
  Time since last request: 0.000019 seconds.
  path: Assets/AllSkyFree/Cartoon Base NightSky/Cartoon Base NightSky_Cam_5_Down-Y.png
  artifactKey: Guid(e23c4e30896d34af5beb066fcf2790c7) Importer(2089858483,b0f066a214c2f5e87bad3c948f4d605d)
Start importing Assets/AllSkyFree/Cartoon Base NightSky/Cartoon Base NightSky_Cam_5_Down-Y.png using Guid(e23c4e30896d34af5beb066fcf2790c7) Importer(2089858483,b0f066a214c2f5e87bad3c948f4d605d) (ScriptedImporter) -> (artifact id: '4c501fea9db4a02fedc1d3690310e640') in 0.0087735 seconds
Number of updated asset objects reloaded before import = 0Number of asset objects unloaded after import = 1

========================================================================
Received Import Request.
  Time since last request: 0.000015 seconds.
  path: Assets/AllSkyFree/Overcast Low
  artifactKey: Guid(63e1d590517f54841ad8cf519edf1256) Importer(2089858483,b0f066a214c2f5e87bad3c948f4d605d)
Start importing Assets/AllSkyFree/Overcast Low using Guid(63e1d590517f54841ad8cf519edf1256) Importer(2089858483,b0f066a214c2f5e87bad3c948f4d605d) (ScriptedImporter) -> (artifact id: '64076651f542c43a8cb6719a4064c2b6') in 0.0037514 seconds
Number of updated asset objects reloaded before import = 0Number of asset objects unloaded after import = 1

========================================================================
Received Import Request.
  Time since last request: 0.000030 seconds.
  path: Assets/AllSkyFree/Night MoonBurst
  artifactKey: Guid(26e352704e0b94af78a547c6d44125d9) Importer(2089858483,b0f066a214c2f5e87bad3c948f4d605d)
Start importing Assets/AllSkyFree/Night MoonBurst using Guid(26e352704e0b94af78a547c6d44125d9) Importer(2089858483,b0f066a214c2f5e87bad3c948f4d605d) (ScriptedImporter) -> (artifact id: 'dce11fd2bf1b88c2af367678cfdc6078') in 0.0055043 seconds
Number of updated asset objects reloaded before import = 0Number of asset objects unloaded after import = 1

========================================================================
Received Import Request.
  Time since last request: 0.000018 seconds.
  path: Assets/AllSkyFree/Epic_GloriousPink/Epic_GloriousPink_Cam_0_Front+Z.png
  artifactKey: Guid(87dff0577f22146db9255e2cf270d6ee) Importer(2089858483,b0f066a214c2f5e87bad3c948f4d605d)
Start importing Assets/AllSkyFree/Epic_GloriousPink/Epic_GloriousPink_Cam_0_Front+Z.png using Guid(87dff0577f22146db9255e2cf270d6ee) Importer(2089858483,b0f066a214c2f5e87bad3c948f4d605d) (ScriptedImporter) -> (artifact id: '7076b9b647812b0851f534917da11e97') in 0.0091875 seconds
Number of updated asset objects reloaded before import = 0Number of asset objects unloaded after import = 1

========================================================================
Received Import Request.
  Time since last request: 0.000031 seconds.
  path: Assets/AllSkyFree/Overcast Low/AllSky_Overcast4_Low.mat
  artifactKey: Guid(f2b5f3f20933f434e850db1b710542fd) Importer(2089858483,b0f066a214c2f5e87bad3c948f4d605d)
Start importing Assets/AllSkyFree/Overcast Low/AllSky_Overcast4_Low.mat using Guid(f2b5f3f20933f434e850db1b710542fd) Importer(2089858483,b0f066a214c2f5e87bad3c948f4d605d) (ScriptedImporter) -> (artifact id: '78ecaefa06bd0379b1bb3b896bb72067') in 0.0213069 seconds
Number of updated asset objects reloaded before import = 0Number of asset objects unloaded after import = 7

========================================================================
Received Import Request.
  Time since last request: 0.000028 seconds.
  path: Assets/AllSkyFree/Overcast Low/AllSky_Overcast4_Low Equirect.mat
  artifactKey: Guid(54fe2f000ad8f424fb63cc3ea0ae2bb2) Importer(2089858483,b0f066a214c2f5e87bad3c948f4d605d)
Start importing Assets/AllSkyFree/Overcast Low/AllSky_Overcast4_Low Equirect.mat using Guid(54fe2f000ad8f424fb63cc3ea0ae2bb2) Importer(2089858483,b0f066a214c2f5e87bad3c948f4d605d) (ScriptedImporter) -> (artifact id: '9b812578c3a6d4d53703f9ebd9833f44') in 0.0338367 seconds
Number of updated asset objects reloaded before import = 0Number of asset objects unloaded after import = 2

========================================================================
Received Import Request.
  Time since last request: 0.000020 seconds.
  path: Assets/AllSkyFree/Epic_BlueSunset
  artifactKey: Guid(6eb09a1750d2d4f609c0e79b804a9f3e) Importer(2089858483,b0f066a214c2f5e87bad3c948f4d605d)
Start importing Assets/AllSkyFree/Epic_BlueSunset using Guid(6eb09a1750d2d4f609c0e79b804a9f3e) Importer(2089858483,b0f066a214c2f5e87bad3c948f4d605d) (ScriptedImporter) -> (artifact id: '771fa590974c07c444c1269a03bbf162') in 0.0035062 seconds
Number of updated asset objects reloaded before import = 0Number of asset objects unloaded after import = 1

========================================================================
Received Import Request.
  Time since last request: 0.000018 seconds.
  path: Assets/AllSkyFree/_AllSkyFreeDemoEnvironment/AllSky_DemoEnvironment_Light.fbx
  artifactKey: Guid(d9ad0f74d68824711bc800186cf63d22) Importer(2089858483,b0f066a214c2f5e87bad3c948f4d605d)
Start importing Assets/AllSkyFree/_AllSkyFreeDemoEnvironment/AllSky_DemoEnvironment_Light.fbx using Guid(d9ad0f74d68824711bc800186cf63d22) Importer(2089858483,b0f066a214c2f5e87bad3c948f4d605d) (ScriptedImporter) -> (artifact id: 'f69995a21513597d2aa6a9b3bbab0d8c') in 0.0190075 seconds
Number of updated asset objects reloaded before import = 0Number of asset objects unloaded after import = 9

========================================================================
Received Import Request.
  Time since last request: 0.000031 seconds.
  path: Assets/AllSkyFree/_AllSkyFreeDemoEnvironment/AllSky_DemoEnvironment_Center.fbx
  artifactKey: Guid(258cb4865d37b4292be3195af50aaa8c) Importer(2089858483,b0f066a214c2f5e87bad3c948f4d605d)
Start importing Assets/AllSkyFree/_AllSkyFreeDemoEnvironment/AllSky_DemoEnvironment_Center.fbx using Guid(258cb4865d37b4292be3195af50aaa8c) Importer(2089858483,b0f066a214c2f5e87bad3c948f4d605d) (ScriptedImporter) -> (artifact id: 'd7fdf2cd0670dc5ef98e3dd02cf47030') in 0.0221498 seconds
Number of updated asset objects reloaded before import = 0Number of asset objects unloaded after import = 7

========================================================================
Received Import Request.
  Time since last request: 0.000020 seconds.
  path: Assets/AllSkyFree/Night MoonBurst/Night Moon Burst_Cam_4_Up+Y.png
  artifactKey: Guid(544d3cf87e24a464fa433d08257479d1) Importer(2089858483,b0f066a214c2f5e87bad3c948f4d605d)
Start importing Assets/AllSkyFree/Night MoonBurst/Night Moon Burst_Cam_4_Up+Y.png using Guid(544d3cf87e24a464fa433d08257479d1) Importer(2089858483,b0f066a214c2f5e87bad3c948f4d605d) (ScriptedImporter) -> (artifact id: '29af27e2a2fb7cc311fe10982112c028') in 0.010588 seconds
Number of updated asset objects reloaded before import = 0Number of asset objects unloaded after import = 1

========================================================================
Received Import Request.
  Time since last request: 0.000016 seconds.
  path: Assets/AllSkyFree/Epic_BlueSunset/Epic_BlueSunset_Cam_0_Front+Z.png
  artifactKey: Guid(33dc9d88f32144697ba9777ee1aaae7b) Importer(2089858483,b0f066a214c2f5e87bad3c948f4d605d)
Start importing Assets/AllSkyFree/Epic_BlueSunset/Epic_BlueSunset_Cam_0_Front+Z.png using Guid(33dc9d88f32144697ba9777ee1aaae7b) Importer(2089858483,b0f066a214c2f5e87bad3c948f4d605d) (ScriptedImporter) -> (artifact id: '082d9a1acf9710092474d32c27f393e2') in 0.0094555 seconds
Number of updated asset objects reloaded before import = 0Number of asset objects unloaded after import = 1

========================================================================
Received Import Request.
  Time since last request: 0.000015 seconds.
  path: Assets/AllSkyFree/Cartoon Base BlueSky
  artifactKey: Guid(9f633969e0c5e4bfeba8bb43b5348d81) Importer(2089858483,b0f066a214c2f5e87bad3c948f4d605d)
Start importing Assets/AllSkyFree/Cartoon Base BlueSky using Guid(9f633969e0c5e4bfeba8bb43b5348d81) Importer(2089858483,b0f066a214c2f5e87bad3c948f4d605d) (ScriptedImporter) -> (artifact id: '20717d24cca59fa3bacf8689934019ce') in 0.004063 seconds
Number of updated asset objects reloaded before import = 0Number of asset objects unloaded after import = 1

========================================================================
Received Import Request.
  Time since last request: 0.000017 seconds.
  path: Assets/AllSkyFree/Cartoon Base NightSky/Cartoon Base NightSky.unity
  artifactKey: Guid(c4ac93a9f488344c29ac272cddb55dda) Importer(2089858483,b0f066a214c2f5e87bad3c948f4d605d)
Start importing Assets/AllSkyFree/Cartoon Base NightSky/Cartoon Base NightSky.unity using Guid(c4ac93a9f488344c29ac272cddb55dda) Importer(2089858483,b0f066a214c2f5e87bad3c948f4d605d) (ScriptedImporter) -> (artifact id: 'f16ecdd9bcf8af97027f1d7852c73ea1') in 0.0050906 seconds
Number of updated asset objects reloaded before import = 0Number of asset objects unloaded after import = 1

========================================================================
Received Import Request.
  Time since last request: 0.000050 seconds.
  path: Assets/AllSkyFree/Cartoon Base NightSky/Cartoon Base NightSky_Cam_0_Front+Z.png
  artifactKey: Guid(5cd44424375bd4ad69191a50c41ec04d) Importer(2089858483,b0f066a214c2f5e87bad3c948f4d605d)
Start importing Assets/AllSkyFree/Cartoon Base NightSky/Cartoon Base NightSky_Cam_0_Front+Z.png using Guid(5cd44424375bd4ad69191a50c41ec04d) Importer(2089858483,b0f066a214c2f5e87bad3c948f4d605d) (ScriptedImporter) -> (artifact id: 'c531d4af9f57a08ddb5af013596ffec9') in 0.0095586 seconds
Number of updated asset objects reloaded before import = 0Number of asset objects unloaded after import = 1

========================================================================
Received Import Request.
  Time since last request: 0.000017 seconds.
  path: Assets/AllSkyFree/Cold Night/Cold Night__Cam_2_Left+X.png
  artifactKey: Guid(3aa922ca8577f4f66b8810ab41310933) Importer(2089858483,b0f066a214c2f5e87bad3c948f4d605d)
Start importing Assets/AllSkyFree/Cold Night/Cold Night__Cam_2_Left+X.png using Guid(3aa922ca8577f4f66b8810ab41310933) Importer(2089858483,b0f066a214c2f5e87bad3c948f4d605d) (ScriptedImporter) -> (artifact id: '1f67259d79f8eb7c71242d4f56e5fcf2') in 0.0108917 seconds
Number of updated asset objects reloaded before import = 0Number of asset objects unloaded after import = 1

========================================================================
Received Import Request.
  Time since last request: 0.000020 seconds.
  path: Assets/AllSkyFree/Epic_GloriousPink/Epic_GloriousPinkSettings.lighting
  artifactKey: Guid(c035446abf3fb47a4b49159462271fa6) Importer(2089858483,b0f066a214c2f5e87bad3c948f4d605d)
Start importing Assets/AllSkyFree/Epic_GloriousPink/Epic_GloriousPinkSettings.lighting using Guid(c035446abf3fb47a4b49159462271fa6) Importer(2089858483,b0f066a214c2f5e87bad3c948f4d605d) (ScriptedImporter) -> (artifact id: 'c94c7646fe844e7497f46227d2151a8d') in 0.0063167 seconds
Number of updated asset objects reloaded before import = 0Number of asset objects unloaded after import = 1

========================================================================
Received Import Request.
  Time since last request: 0.000033 seconds.
  path: Assets/AllSkyFree/Cartoon Base NightSky/Cartoon Base NightSky_Cam_1_Back-Z.png
  artifactKey: Guid(baee46fd4fc8d4898864f4963bb39f34) Importer(2089858483,b0f066a214c2f5e87bad3c948f4d605d)
Start importing Assets/AllSkyFree/Cartoon Base NightSky/Cartoon Base NightSky_Cam_1_Back-Z.png using Guid(baee46fd4fc8d4898864f4963bb39f34) Importer(2089858483,b0f066a214c2f5e87bad3c948f4d605d) (ScriptedImporter) -> (artifact id: 'd09717add01473d3eea98b4b5d8ee4e4') in 0.0097791 seconds
Number of updated asset objects reloaded before import = 0Number of asset objects unloaded after import = 1

========================================================================
Received Import Request.
  Time since last request: 0.000022 seconds.
  path: Assets/BOKI/LowPolyNature/Models/wooden_fence_1.fbx
  artifactKey: Guid(8057396cebab036469920420d920222b) Importer(2089858483,b0f066a214c2f5e87bad3c948f4d605d)
Start importing Assets/BOKI/LowPolyNature/Models/wooden_fence_1.fbx using Guid(8057396cebab036469920420d920222b) Importer(2089858483,b0f066a214c2f5e87bad3c948f4d605d) (ScriptedImporter) -> (artifact id: '3eb00fba8ccaa8a66709fce2a72a8d5b') in 0.0091719 seconds
Number of updated asset objects reloaded before import = 0Number of asset objects unloaded after import = 8

========================================================================
Received Import Request.
  Time since last request: 0.000026 seconds.
  path: Assets/AllSkyFree/_AllSkyFreeDemoEnvironment/Materials/AllSkyDemoEnv_Flag_Blue.mat
  artifactKey: Guid(8e64a72f2cb9c45bba4b11d98489b11f) Importer(2089858483,b0f066a214c2f5e87bad3c948f4d605d)
Start importing Assets/AllSkyFree/_AllSkyFreeDemoEnvironment/Materials/AllSkyDemoEnv_Flag_Blue.mat using Guid(8e64a72f2cb9c45bba4b11d98489b11f) Importer(2089858483,b0f066a214c2f5e87bad3c948f4d605d) (ScriptedImporter) -> (artifact id: '843bc3d5cdad12ab06f97097f8a56c66') in 0.0066593 seconds
Number of updated asset objects reloaded before import = 0Number of asset objects unloaded after import = 1

========================================================================
Received Import Request.
  Time since last request: 0.000014 seconds.
  path: Assets/AllSkyFree/Deep Dusk
  artifactKey: Guid(6e2365a3b549547b998c293780300ffe) Importer(2089858483,b0f066a214c2f5e87bad3c948f4d605d)
Start importing Assets/AllSkyFree/Deep Dusk using Guid(6e2365a3b549547b998c293780300ffe) Importer(2089858483,b0f066a214c2f5e87bad3c948f4d605d) (ScriptedImporter) -> (artifact id: '3b03fd99b8e7aea496ba6325d9759255') in 0.0039638 seconds
Number of updated asset objects reloaded before import = 0Number of asset objects unloaded after import = 1

========================================================================
Received Import Request.
  Time since last request: 0.000019 seconds.
  path: Assets/AllSkyFree/_AllSkyFreeDemoEnvironment
  artifactKey: Guid(4392334f044e44affbf9f5162eb718ae) Importer(2089858483,b0f066a214c2f5e87bad3c948f4d605d)
Start importing Assets/AllSkyFree/_AllSkyFreeDemoEnvironment using Guid(4392334f044e44affbf9f5162eb718ae) Importer(2089858483,b0f066a214c2f5e87bad3c948f4d605d) (ScriptedImporter) -> (artifact id: 'd2127fdb653945839eaf147bb1766ca1') in 0.0035904 seconds
Number of updated asset objects reloaded before import = 0Number of asset objects unloaded after import = 1

========================================================================
Received Import Request.
  Time since last request: 0.000016 seconds.
  path: Assets/AllSkyFree/_AllSkyFreeDemoEnvironment/Materials/AllSkyDemoEnv_LightIllum.mat
  artifactKey: Guid(ff33c7fce672541f095331a057da80f0) Importer(2089858483,b0f066a214c2f5e87bad3c948f4d605d)
Start importing Assets/AllSkyFree/_AllSkyFreeDemoEnvironment/Materials/AllSkyDemoEnv_LightIllum.mat using Guid(ff33c7fce672541f095331a057da80f0) Importer(2089858483,b0f066a214c2f5e87bad3c948f4d605d) (ScriptedImporter) -> (artifact id: '6e3ce2e2c13b94daf7fa77a15aec86bc') in 0.0074754 seconds
Number of updated asset objects reloaded before import = 0Number of asset objects unloaded after import = 2

========================================================================
Received Import Request.
  Time since last request: 0.000021 seconds.
  path: Assets/AllSkyFree/_AllSkyFreeDemoEnvironment/Materials/TreeLeaves.mat
  artifactKey: Guid(bdbc9d4a6a6a98e44b52ceff2e7c576e) Importer(2089858483,b0f066a214c2f5e87bad3c948f4d605d)
Start importing Assets/AllSkyFree/_AllSkyFreeDemoEnvironment/Materials/TreeLeaves.mat using Guid(bdbc9d4a6a6a98e44b52ceff2e7c576e) Importer(2089858483,b0f066a214c2f5e87bad3c948f4d605d) (ScriptedImporter) -> (artifact id: '6906f048573a2c95ecaa85c73e9549c9') in 0.0060527 seconds
Number of updated asset objects reloaded before import = 0Number of asset objects unloaded after import = 1

========================================================================
Received Import Request.
  Time since last request: 0.000026 seconds.
  path: Assets/AllSkyFree/_AllSkyFreeDemoEnvironment/Materials/TreeTrunk.mat
  artifactKey: Guid(4fd7ec50f24cb90428841b060e22bbb7) Importer(2089858483,b0f066a214c2f5e87bad3c948f4d605d)
Start importing Assets/AllSkyFree/_AllSkyFreeDemoEnvironment/Materials/TreeTrunk.mat using Guid(4fd7ec50f24cb90428841b060e22bbb7) Importer(2089858483,b0f066a214c2f5e87bad3c948f4d605d) (ScriptedImporter) -> (artifact id: 'e0d1200dbedb48fd2eb8a02329a0429c') in 0.0058074 seconds
Number of updated asset objects reloaded before import = 0Number of asset objects unloaded after import = 1

========================================================================
Received Import Request.
  Time since last request: 0.000027 seconds.
  path: Assets/AllSkyFree/Cartoon Base BlueSky/Day_BlueSky_NothingSettings.lighting
  artifactKey: Guid(9163188be3bb9490e87152da256a628e) Importer(2089858483,b0f066a214c2f5e87bad3c948f4d605d)
Start importing Assets/AllSkyFree/Cartoon Base BlueSky/Day_BlueSky_NothingSettings.lighting using Guid(9163188be3bb9490e87152da256a628e) Importer(2089858483,b0f066a214c2f5e87bad3c948f4d605d) (ScriptedImporter) -> (artifact id: '091e73e690b0529463bf63fc6fe1c781') in 0.0064768 seconds
Number of updated asset objects reloaded before import = 0Number of asset objects unloaded after import = 1

========================================================================
Received Import Request.
  Time since last request: 0.000020 seconds.
  path: Assets/AllSkyFree/Deep Dusk/Deep Dusk__Cam_3_Right-X.png
  artifactKey: Guid(47551dad0d90646a9a5dac436076f38a) Importer(2089858483,b0f066a214c2f5e87bad3c948f4d605d)
Start importing Assets/AllSkyFree/Deep Dusk/Deep Dusk__Cam_3_Right-X.png using Guid(47551dad0d90646a9a5dac436076f38a) Importer(2089858483,b0f066a214c2f5e87bad3c948f4d605d) (ScriptedImporter) -> (artifact id: '1459e453ba6f3aa052a4594277f07179') in 0.0093403 seconds
Number of updated asset objects reloaded before import = 0Number of asset objects unloaded after import = 1

========================================================================
Received Import Request.
  Time since last request: 0.000015 seconds.
  path: Assets/BOKI/LowPolyNature/Terrain/data/TerrainData_94e8f5ba-b31c-4810-a6c0-4050d314697c.asset
  artifactKey: Guid(39f57b778256f5a458bb616813d2e1c1) Importer(2089858483,b0f066a214c2f5e87bad3c948f4d605d)
Start importing Assets/BOKI/LowPolyNature/Terrain/data/TerrainData_94e8f5ba-b31c-4810-a6c0-4050d314697c.asset using Guid(39f57b778256f5a458bb616813d2e1c1) Importer(2089858483,b0f066a214c2f5e87bad3c948f4d605d) (ScriptedImporter) -> (artifact id: '02a9e506d6955649f715ce183014a0b6') in 0.0308507 seconds
Number of updated asset objects reloaded before import = 0Number of asset objects unloaded after import = 10

========================================================================
Received Import Request.
  Time since last request: 0.000018 seconds.
  path: Assets/AllSkyFree/Cold Sunset/Cold Sunset Equirect.png
  artifactKey: Guid(6fa3f446deee84c52aec507bd0aca28c) Importer(2089858483,b0f066a214c2f5e87bad3c948f4d605d)
Start importing Assets/AllSkyFree/Cold Sunset/Cold Sunset Equirect.png using Guid(6fa3f446deee84c52aec507bd0aca28c) Importer(2089858483,b0f066a214c2f5e87bad3c948f4d605d) (ScriptedImporter) -> (artifact id: 'e74a22863a9f5710548196d622a9322e') in 0.0211574 seconds
Number of updated asset objects reloaded before import = 0Number of asset objects unloaded after import = 1

========================================================================
Received Import Request.
  Time since last request: 0.000027 seconds.
  path: Assets/BOKI/LowPolyNature/Materials/Ground/Ground_Grass_Leaves_Yellow_Material.mat
  artifactKey: Guid(b83e97c782e31ff4c8a3c7f8b7086599) Importer(2089858483,b0f066a214c2f5e87bad3c948f4d605d)
Start importing Assets/BOKI/LowPolyNature/Materials/Ground/Ground_Grass_Leaves_Yellow_Material.mat using Guid(b83e97c782e31ff4c8a3c7f8b7086599) Importer(2089858483,b0f066a214c2f5e87bad3c948f4d605d) (ScriptedImporter) -> (artifact id: 'c4ebc40675f798f15515028fb4abbf83') in 0.0412367 seconds
Number of updated asset objects reloaded before import = 0Number of asset objects unloaded after import = 4

========================================================================
Received Import Request.
  Time since last request: 0.000022 seconds.
  path: Assets/BOKI/LowPolyNature/Models/tree_pine_trunk_1.fbx
  artifactKey: Guid(fb85a73f9a4789241a92a3076583940f) Importer(2089858483,b0f066a214c2f5e87bad3c948f4d605d)
Start importing Assets/BOKI/LowPolyNature/Models/tree_pine_trunk_1.fbx using Guid(fb85a73f9a4789241a92a3076583940f) Importer(2089858483,b0f066a214c2f5e87bad3c948f4d605d) (ScriptedImporter) -> (artifact id: '0f51a4df8628144a0dfde5c5677d50ba') in 0.0114905 seconds
Number of updated asset objects reloaded before import = 0Number of asset objects unloaded after import = 9

========================================================================
Received Import Request.
  Time since last request: 0.000016 seconds.
  path: Assets/BOKI/LowPolyNature/Textures/ground/Ground_Snow_Material_Albedo.png
  artifactKey: Guid(a0eaaf765c62dec4b8d2d1a25dce8f1d) Importer(2089858483,b0f066a214c2f5e87bad3c948f4d605d)
Start importing Assets/BOKI/LowPolyNature/Textures/ground/Ground_Snow_Material_Albedo.png using Guid(a0eaaf765c62dec4b8d2d1a25dce8f1d) Importer(2089858483,b0f066a214c2f5e87bad3c948f4d605d) (ScriptedImporter) -> (artifact id: '0d5485810ac7ddf55ef7c4cdc88b6972') in 0.0194307 seconds
Number of updated asset objects reloaded before import = 0Number of asset objects unloaded after import = 1

========================================================================
Received Import Request.
  Time since last request: 0.000024 seconds.
  path: Assets/BOKI/LowPolyNature/Textures/ground/Ground_Sand_Rocks_Material_AO.png
  artifactKey: Guid(f6d08a43267c99d4f8a99e9f751ca2e6) Importer(2089858483,b0f066a214c2f5e87bad3c948f4d605d)
Start importing Assets/BOKI/LowPolyNature/Textures/ground/Ground_Sand_Rocks_Material_AO.png using Guid(f6d08a43267c99d4f8a99e9f751ca2e6) Importer(2089858483,b0f066a214c2f5e87bad3c948f4d605d) (ScriptedImporter) -> (artifact id: 'b3415104f4437ddc3eb174b0488a112c') in 0.0188906 seconds
Number of updated asset objects reloaded before import = 0Number of asset objects unloaded after import = 1

========================================================================
Received Import Request.
  Time since last request: 0.000055 seconds.
  path: Assets/BOKI/LowPolyNature/Models/grass_1.fbx
  artifactKey: Guid(2f5a4b00c2941944198e93657f75c199) Importer(2089858483,b0f066a214c2f5e87bad3c948f4d605d)
Start importing Assets/BOKI/LowPolyNature/Models/grass_1.fbx using Guid(2f5a4b00c2941944198e93657f75c199) Importer(2089858483,b0f066a214c2f5e87bad3c948f4d605d) (ScriptedImporter) -> (artifact id: '61952a41aa783a755721dc94beb8d858') in 0.0097084 seconds
Number of updated asset objects reloaded before import = 0Number of asset objects unloaded after import = 8

========================================================================
Received Import Request.
  Time since last request: 0.000015 seconds.
  path: Assets/AllSkyFree/Cold Sunset/Cold Sunset__Cam_2_Left+X.png
  artifactKey: Guid(ce026dfecbc694085a1d87a22f3bb49d) Importer(2089858483,b0f066a214c2f5e87bad3c948f4d605d)
Start importing Assets/AllSkyFree/Cold Sunset/Cold Sunset__Cam_2_Left+X.png using Guid(ce026dfecbc694085a1d87a22f3bb49d) Importer(2089858483,b0f066a214c2f5e87bad3c948f4d605d) (ScriptedImporter) -> (artifact id: '159bd6db56c9915addb96d86fcdd7eb1') in 0.0085163 seconds
Number of updated asset objects reloaded before import = 0Number of asset objects unloaded after import = 1

========================================================================
Received Import Request.
  Time since last request: 0.000016 seconds.
  path: Assets/BOKI/LowPolyNature/Shaders
  artifactKey: Guid(ebe86a50acd4d5244ba6856059d9296c) Importer(2089858483,b0f066a214c2f5e87bad3c948f4d605d)
Start importing Assets/BOKI/LowPolyNature/Shaders using Guid(ebe86a50acd4d5244ba6856059d9296c) Importer(2089858483,b0f066a214c2f5e87bad3c948f4d605d) (ScriptedImporter) -> (artifact id: 'ec4873af2f65d935a8ec75860ceaf874') in 0.0051537 seconds
Number of updated asset objects reloaded before import = 0Number of asset objects unloaded after import = 1

========================================================================
Received Import Request.
  Time since last request: 0.000017 seconds.
  path: Assets/BOKI/LowPolyNature/Materials/gradient_color_palate.mat
  artifactKey: Guid(736fa3bc7a8fcd94285040052bc293ec) Importer(2089858483,b0f066a214c2f5e87bad3c948f4d605d)
Start importing Assets/BOKI/LowPolyNature/Materials/gradient_color_palate.mat using Guid(736fa3bc7a8fcd94285040052bc293ec) Importer(2089858483,b0f066a214c2f5e87bad3c948f4d605d) (ScriptedImporter) -> (artifact id: '9a8cf14a4d166a0c8c10a2b0b19c2ca8') in 0.0075784 seconds
Number of updated asset objects reloaded before import = 0Number of asset objects unloaded after import = 2

========================================================================
Received Import Request.
  Time since last request: 0.000017 seconds.
  path: Assets/BOKI/LowPolyNature/Shaders/Water_Ripples_Shader.shadergraph
  artifactKey: Guid(cb9c055c11d589c4eb2bb828f3125f52) Importer(2089858483,b0f066a214c2f5e87bad3c948f4d605d)
Start importing Assets/BOKI/LowPolyNature/Shaders/Water_Ripples_Shader.shadergraph using Guid(cb9c055c11d589c4eb2bb828f3125f52) Importer(2089858483,b0f066a214c2f5e87bad3c948f4d605d) (ScriptedImporter) -> (artifact id: 'f8787bff144193f85450caaedc9f0158') in 0.0088585 seconds
Number of updated asset objects reloaded before import = 0Number of asset objects unloaded after import = 5

========================================================================
Received Import Request.
  Time since last request: 0.000027 seconds.
  path: Assets/BrokenVector/LowPolyRoadPack/Prefabs/Freeway S-Curve.prefab
  artifactKey: Guid(b21431263a66fd84ebb8c5a9f3e51709) Importer(2089858483,b0f066a214c2f5e87bad3c948f4d605d)
Start importing Assets/BrokenVector/LowPolyRoadPack/Prefabs/Freeway S-Curve.prefab using Guid(b21431263a66fd84ebb8c5a9f3e51709) Importer(2089858483,b0f066a214c2f5e87bad3c948f4d605d) (ScriptedImporter) -> (artifact id: 'ee2f5a85f621a469ebf8107dd27f5759') in 0.0115647 seconds
Number of updated asset objects reloaded before import = 0Number of asset objects unloaded after import = 10

========================================================================
Received Import Request.
  Time since last request: 0.000017 seconds.
  path: Assets/BOKI/LowPolyNature/Models
  artifactKey: Guid(6a6e0a1126ea2c44dbd1435e8ca67487) Importer(2089858483,b0f066a214c2f5e87bad3c948f4d605d)
Start importing Assets/BOKI/LowPolyNature/Models using Guid(6a6e0a1126ea2c44dbd1435e8ca67487) Importer(2089858483,b0f066a214c2f5e87bad3c948f4d605d) (ScriptedImporter) -> (artifact id: 'b5fadc824a8e491c6a07c0b607c65533') in 0.0032533 seconds
Number of updated asset objects reloaded before import = 0Number of asset objects unloaded after import = 1

========================================================================
Received Import Request.
  Time since last request: 0.000027 seconds.
  path: Assets/BOKI/LowPolyNature/Models/bush_1.fbx
  artifactKey: Guid(9bcab92a5f7b39c4bb342c106fd73314) Importer(2089858483,b0f066a214c2f5e87bad3c948f4d605d)
Start importing Assets/BOKI/LowPolyNature/Models/bush_1.fbx using Guid(9bcab92a5f7b39c4bb342c106fd73314) Importer(2089858483,b0f066a214c2f5e87bad3c948f4d605d) (ScriptedImporter) -> (artifact id: 'fbc48a019ca93ad3dab3b6cc3bc9da95') in 0.0102398 seconds
Number of updated asset objects reloaded before import = 0Number of asset objects unloaded after import = 8

Editor requested this worker to shutdown with reason: Scaling down because of idle timeout
AssetImportWorker is now disconnected from the server
Process exiting
Exiting without the bug reporter. Application will terminate with return code 0